#ifndef LOGO_H
#define LOGO_H

#define LOGO_WIDTH 160
#define LOGO_HEIGHT 160

static const unsigned int BloomLogo[LOGO_WIDTH * LOGO_HEIGHT] = {
0x00000000,0x00000000,0x00000000,0x00000000,0x00000000,0x00000000,0x00010000,0x00000000,0x00000000,0x00000000,0x00000000,0x00000000,
0x00000000,0x00000000,0x00000000,0x00000000,0x00000000,0x00000000,0x00000000,0x00000000,0x00000000,0x00000000,0x00000000,0x00000000,
0x00000000,0x00000000,0x00000000,0x00000000,0x00000000,0x00000000,0x00000000,0x00000000,0x00000000,0x00000000,0x00000000,0x00000000,
0x00000000,0x00000000,0x00000000,0x00000000,0x00000000,0x00000000,0x00000000,0x00000000,0x00000000,0x00000000,0x00000000,0x00000000,
0x00000000,0x00000000,0x00000000,0x00000000,0x00000000,0x00000000,0x00000000,0x00000000,0x00000000,0x00000000,0x00000000,0x00000000,
0x00000000,0x00000000,0x00000000,0x00000000,0x00000000,0x00000000,0x00000000,0x00000000,0x00000000,0x00000000,0x00000000,0x00000000,
0x00000000,0x00000000,0x00000000,0x00000000,0x00000000,0x00000000,0x00000000,0x00000000,0x00000000,0x00000000,0x00000000,0x00000000,
0x00000000,0x00000000,0x00000000,0x00000000,0x00000000,0x00000000,0x00000000,0x00000000,0x00000000,0x00000000,0x00000000,0x00000000,
0x00000000,0x00000000,0x00000000,0x00000000,0x00000000,0x00000000,0x00000000,0x00000000,0x00000000,0x00000000,0x00000000,0x00000000,
0x00000000,0x00000000,0x00000000,0x00000000,0x00000000,0x00000000,0x00000000,0x00000000,0x00000000,0x00000000,0x00000000,0x00000000,
0x00000000,0x00000000,0x00000000,0x00000000,0x00000000,0x00000000,0x00000000,0x00000000,0x00000000,0x00000000,0x00000000,0x00000000,
0x00000000,0x00000000,0x00000000,0x00000000,0x00000000,0x00000000,0x00000000,0x00000000,0x00000000,0x00000000,0x00000000,0x00000000,
0x00000000,0x00000000,0x00000000,0x00000000,0x00000000,0x00000000,0x00000000,0x00000000,0x00000000,0x00010000,0x00000000,0x00000000,
0x00000000,0x00000000,0x00000000,0x00000000,0x00000000,0x00000000,0x00010000,0x00010000,0x00000000,0x00000000,0x00000000,0x00000000,
0x00000000,0x00000000,0x00000000,0x00000000,0x00000000,0x00000000,0x00000000,0x00000000,0x00000000,0x00000000,0x00000000,0x00000000,
0x00000000,0x00000000,0x00000000,0x00000000,0x00000000,0x00000000,0x00000000,0x00000000,0x00010000,0x00000000,0x00000000,0x00000000,
0x00000000,0x00000000,0x00000000,0x00000000,0x00000000,0x00010000,0x00000000,0x00000000,0x00000000,0x00010000,0x00000000,0x00000000,
0x00000000,0x00000000,0x00000000,0x00000000,0x00000000,0x00000000,0x00000000,0x00000000,0x00000000,0x00000000,0x00000000,0x00000000,
0x00000000,0x00000000,0x00000000,0x00000000,0x00000000,0x00000000,0x00000000,0x00000000,0x00000000,0x00000000,0x00000000,0x00000000,
0x00000000,0x00000000,0x00000000,0x00000000,0x00000000,0x00010000,0x00000000,0x00010000,0x00000000,0x00000000,0x00000000,0x00000000,
0x00000000,0x00000000,0x00000000,0x00000000,0x00000000,0x00000000,0x00000000,0x00000000,0x00000000,0x00000000,0x00000000,0x00000000,
0x00000000,0x00000000,0x00000000,0x00000000,0x00000000,0x00000000,0x00000000,0x00000000,0x00000000,0x00000000,0x00000000,0x00000000,
0x00000000,0x00000000,0x00000000,0x00000000,0x00000000,0x00010000,0x00000000,0x00000000,0x00000000,0x00000000,0x00000000,0x00000000,
0x00000000,0x00000000,0x00000000,0x00000000,0x00000000,0x00000000,0x00000000,0x00000000,0x00000000,0x00000000,0x00000000,0x00000000,
0x00000000,0x00000000,0x00000000,0x00010000,0x00000000,0x00000000,0x00000000,0x00000000,0x00000000,0x00000000,0x00000000,0x00000000,
0x00000000,0x00000000,0x00000000,0x00000000,0x00000000,0x00000000,0x00000000,0x00000000,0x00000000,0x00000000,0x00000000,0x00010000,
0x00000000,0x00000000,0x00000000,0x00010000,0x00000000,0x00000000,0x00000000,0x00010000,0x00000000,0x00000000,0x00000000,0x00000000,
0x00000000,0x00000000,0x00000000,0x00000000,0x00000000,0x00000000,0x00000000,0x00010000,0x00000000,0x00000000,0x00010000,0x00000000,
0x00000000,0x00010000,0x00000000,0x00000000,0x00000000,0x00010000,0x00000000,0x00010000,0x00000000,0x00000000,0x00000000,0x00000000,
0x00000000,0x00000000,0x00000000,0x00010000,0x00000000,0x00000000,0x00000000,0x00000000,0x00000000,0x00000000,0x00000000,0x00000000,
0x00000000,0x00000000,0x00000000,0x00010000,0x00000000,0x00000000,0x00000000,0x00000000,0x00010000,0x00000000,0x00000000,0x00000000,
0x00000000,0x00000000,0x00010000,0x00000000,0x00000000,0x00000000,0x00000000,0x00000000,0x00000000,0x00000000,0x00000000,0x00000000,
0x00000000,0x00000000,0x00000000,0x00000000,0x00000000,0x00000000,0x00000000,0x00000000,0x00000000,0x00000000,0x00000000,0x00000000,
0x00000000,0x00000000,0x00000000,0x00000000,0x00000000,0x00000000,0x00000000,0x00000000,0x00000000,0x00000000,0x00000000,0x00000000,
0x00000000,0x00000000,0x00000000,0x00000000,0x00000000,0x00000000,0x00000000,0x00000000,0x00000000,0x00000000,0x00000000,0x00000000,
0x00000000,0x00000000,0x00000000,0x00000000,0x00000000,0x00000000,0x00000000,0x00000000,0x00000000,0x00000000,0x00000000,0x00000000,
0x00000000,0x00000000,0x00000000,0x00000000,0x00000000,0x00000000,0x00010000,0x00000000,0x00000000,0x00000000,0x00000000,0x00000000,
0x00000000,0x00000000,0x00000000,0x00000000,0x00010000,0x00000000,0x00000000,0x00000000,0x00000000,0x00000000,0x00000000,0x00000000,
0x00000000,0x00000000,0x00000000,0x00000000,0x00000000,0x00000000,0x00010000,0x00000000,0x00000000,0x00000000,0x00000000,0x00000000,
0x00000000,0x00000000,0x00000000,0x00010000,0x00010000,0x00000000,0x00000000,0x00000000,0x00000000,0x00000000,0x00010000,0x00010000,
0x00000000,0x00000000,0x00000000,0x00000000,0x00000000,0x00000000,0x00000000,0x00000000,0x00000000,0x00000000,0x00000000,0x00000000,
0x00000000,0x00000000,0x00000000,0x00000000,0x00000000,0x00000000,0x00000000,0x00000000,0x00000000,0x00000000,0x00000000,0x00000000,
0x00000000,0x00000000,0x00000000,0x00000000,0x00000000,0x00000000,0x00000000,0x00000000,0x00000000,0x00000000,0x00000000,0x00000000,
0x00000000,0x00000000,0x00000000,0x00010000,0x00000000,0x00000000,0x00000000,0x00010000,0x00000000,0x00000000,0x00000000,0x00000000,
0x00010000,0x00000000,0x00000000,0x00000000,0x00000000,0x00000000,0x00010000,0x00000000,0x00000000,0x00000000,0x00000000,0x00000000,
0x00000000,0x00000000,0x00000000,0x00000000,0x00000000,0x00000000,0x00000000,0x00000000,0x00000000,0x00000000,0x00000000,0x00000000,
0x00000000,0x00000000,0x00000000,0x00000000,0x00000000,0x00000000,0x00000000,0x00000000,0x00000000,0x00000000,0x00000000,0x00000000,
0x00000000,0x00000000,0x00000000,0x00000000,0x00000000,0x00000000,0x00000000,0x00010100,0x00000000,0x00000000,0x00000000,0x00000000,
0x00000000,0x00000000,0x00000000,0x00000000,0x00000000,0x00000000,0x00000000,0x00000000,0x00000000,0x00000000,0x00000000,0x00000000,
0x00000000,0x00000000,0x00000000,0x00000000,0x00010000,0x00000000,0x00000000,0x00010000,0x00000000,0x00000000,0x00000000,0x00000000,
0x00010000,0x00000000,0x00010000,0x00000000,0x00000000,0x00000000,0x00000000,0x00000000,0x00000000,0x00000000,0x00000000,0x00000000,
0x00000000,0x00000000,0x00000000,0x00000000,0x00000000,0x00000000,0x00000000,0x00000000,0x00000000,0x00000000,0x00000000,0x00000000,
0x00000000,0x00000000,0x00000000,0x00000000,0x00000000,0x00000000,0x00000000,0x00010000,0x00000000,0x00000000,0x00000000,0x00000000,
0x00000000,0x00000000,0x00000000,0x00000000,0x00000000,0x00000000,0x00000000,0x00010000,0x00000000,0x00000000,0x00000000,0x00000000,
0x00000000,0x00010000,0x00000000,0x00000000,0x00000000,0x00000000,0x00000000,0x00000000,0x00000000,0x00000000,0x00000000,0x00000000,
0x00000000,0x00000000,0x00000000,0x00000000,0x00000000,0x00000000,0x00000000,0x00000000,0x00000000,0x00000000,0x00000000,0x00000000,
0x00000000,0x00000000,0x00000000,0x00000000,0x00000000,0x00000000,0x00000000,0x00000000,0x00000000,0x00000000,0x00000000,0x00000000,
0x00000000,0x00000000,0x00000000,0x00000000,0x00000000,0x00000000,0x00000000,0x00000000,0x00000000,0x00000000,0x00010000,0x00000000,
0x00000000,0x00000000,0x00000000,0x00000000,0x00000000,0x00000000,0x00000000,0x00000000,0x00000000,0x00000000,0x00000000,0x00000000,
0x00000000,0x00000000,0x00010000,0x00000000,0x00000000,0x00000000,0x00010000,0x00000000,0x00000000,0x00000000,0x00000000,0x00010000,
0x00000000,0x00000000,0x00000000,0x00000000,0x00000000,0x00000000,0x00000000,0x00000000,0x00000000,0x00010000,0x00000000,0x00000000,
0x00000000,0x00000000,0x00000000,0x00000000,0x00000000,0x00000000,0x00000000,0x00000000,0x00000000,0x00000000,0x00000000,0x00000000,
0x00000000,0x00000000,0x00000000,0x00000000,0x00000000,0x00000000,0x00000000,0x00000000,0x00000000,0x00000000,0x00000000,0x00000000,
0x00000000,0x00000000,0x00000000,0x00000000,0x00000000,0x00000000,0x00000000,0x00000000,0x00000000,0x00000000,0x00000000,0x00010000,
0x00000000,0x00000000,0x00000000,0x00000000,0x00000000,0x00000000,0x00000000,0x00000000,0x00000000,0x00000000,0x00000000,0x00010000,
0x00000000,0x00000000,0x00000000,0x00000000,0x00000000,0x00000000,0x00000000,0x00000000,0x00000000,0x00010000,0x00000000,0x00000000,
0x00000000,0x00000000,0x00000000,0x00000000,0x00000000,0x00010000,0x00000000,0x00000000,0x00000000,0x00000000,0x00000000,0x00000000,
0x00000000,0x00000000,0x00000000,0x00000000,0x00000000,0x00000000,0x00000000,0x00000000,0x00000000,0x00000000,0x00000000,0x00000000,
0x00000000,0x00010100,0x00000000,0x00000000,0x00000000,0x00000000,0x00000000,0x00000000,0x00000000,0x00000000,0x00000000,0x00000000,
0x00000000,0x00000000,0x00010000,0x00000000,0x00000000,0x00000000,0x00010000,0x00000000,0x00000000,0x00000000,0x00000000,0x00000000,
0x00000000,0x00000000,0x00000000,0x00010000,0x00000000,0x00000000,0x00000000,0x00000000,0x00000000,0x00000000,0x00000000,0x00000000,
0x00000000,0x00000000,0x00000000,0x00010000,0x00000000,0x00000000,0x00000000,0x00000000,0x00000000,0x00000000,0x00000000,0x00000000,
0x00010000,0x00000000,0x00000000,0x00000000,0x00000000,0x00000000,0x00010000,0x00000000,0x00000000,0x00000000,0x00000000,0x00000000,
0x00000000,0x00000000,0x00000000,0x00000000,0x00000000,0x00000000,0x00000000,0x00000000,0x00000000,0x00000000,0x00000000,0x00000000,
0x00000000,0x00000000,0x00000000,0x00000000,0x00000000,0x00000000,0x00000000,0x00000000,0x00000000,0x00000000,0x00000000,0x00000000,
0x00000000,0x00000000,0x00000000,0x00000000,0x00000000,0x00000000,0x00000000,0x00000000,0x00000000,0x00000000,0x00000000,0x00010000,
0x00000000,0x00000000,0x00010000,0x00000000,0x00000000,0x00000000,0x00000000,0x00000000,0x00000000,0x00000000,0x00000000,0x00000000,
0x00010000,0x00000000,0x00000000,0x00000000,0x00000000,0x00010000,0x00000000,0x00000000,0x00000000,0x00000000,0x00000000,0x00000000,
0x00000000,0x00000000,0x00000000,0x00000000,0x00000000,0x00000000,0x00000000,0x00000000,0x00000000,0x00000000,0x00000000,0x00000000,
0x00000000,0x00000000,0x00000000,0x00000000,0x00010000,0x00000000,0x00000000,0x00000000,0x00000000,0x00000000,0x00000000,0x00000000,
0x00000000,0x00000000,0x00000000,0x00000000,0x00000000,0x00000000,0x00000000,0x00000000,0x00000000,0x00000000,0x00000000,0x00000000,
0x00000000,0x00000000,0x00000000,0x00000000,0x00000000,0x00000000,0x00000000,0x00000000,0x00000000,0x00000000,0x00000000,0x00000000,
0x00000000,0x00000000,0x00000000,0x00000000,0x00000000,0x00000000,0x00000000,0x00000000,0x00000000,0x00000000,0x00000000,0x00000000,
0x00000000,0x00000000,0x00000000,0x00000000,0x00000000,0x00000000,0x00000000,0x00000000,0x00000000,0x00000000,0x00000000,0x00000000,
0x00000000,0x00000000,0x00000000,0x00000000,0x00000000,0x00000000,0x00000000,0x00000000,0x00000000,0x00010000,0x00000000,0x00000000,
0x00000000,0x00000000,0x00000000,0x00000000,0x00000000,0x00000000,0x00000000,0x00000000,0x00000000,0x00000000,0x00000100,0x00000000,
0x00000000,0x00000000,0x00000000,0x00000000,0x00010000,0x00000000,0x00000000,0x00000000,0x00000000,0x00000000,0x00000000,0x00000000,
0x00000000,0x00000000,0x00000000,0x00000000,0x00000000,0x00000000,0x00000000,0x00000000,0x00000000,0x00000000,0x00000000,0x00000000,
0x00000000,0x00000000,0x00000000,0x00000000,0x00000000,0x00000000,0x00000000,0x00000000,0x00000000,0x00000000,0x00000000,0x00000000,
0x00000000,0x00000000,0x00000000,0x00000000,0x00000000,0x00000000,0x00000000,0x00000000,0x00000000,0x00000000,0x00000000,0x00000000,
0x00010000,0x00000000,0x00000000,0x00000000,0x00000000,0x00000000,0x00000000,0x00000000,0x00000000,0x00010000,0x00000000,0x00000000,
0x00000000,0x00000000,0x00000000,0x00000000,0x00000000,0x00000000,0x00000000,0x00000000,0x00000000,0x00000000,0x00000000,0x00000000,
0x00000000,0x00000000,0x00000000,0x00000000,0x00000000,0x00000000,0x00000000,0x00000000,0x00000000,0x00000000,0x00000000,0x00000000,
0x00000000,0x00000000,0x00000000,0x00000000,0x00000000,0x00000000,0x00000000,0x00000000,0x00000000,0x00000000,0x00000000,0x00010000,
0x00000000,0x00000000,0x00000000,0x00000000,0x00010000,0x00000000,0x00000000,0x00000000,0x00000000,0x00010000,0x00000000,0x00000000,
0x00000000,0x00000000,0x00010000,0x00000000,0x00000000,0x00000000,0x00000000,0x00000000,0x00000000,0x00000000,0x00000000,0x00000000,
0x00000000,0x00000000,0x00000000,0x00000000,0x00000000,0x00000000,0x00000000,0x00000000,0x00000000,0x00000000,0x00010000,0x00000101,
0x00000000,0x00000000,0x00000000,0x00000000,0x00000000,0x00000000,0x00000000,0x00010000,0x00000000,0x00000000,0x00000000,0x00000000,
0x00000000,0x00000000,0x00000000,0x00000000,0x00000000,0x00000000,0x00000000,0x00000000,0x00000000,0x00000000,0x00000000,0x00000000,
0x00000000,0x00000000,0x00000000,0x00000000,0x00000000,0x00000000,0x00000000,0x00000000,0x00000000,0x00000000,0x00000000,0x00000000,
0x00000000,0x00000000,0x00000000,0x00000000,0x00000000,0x00000000,0x00000000,0x00000000,0x00000000,0x00000000,0x00000000,0x00000000,
0x00000000,0x00000000,0x00000000,0x00000000,0x00000000,0x00000000,0x00000000,0x00000000,0x00000000,0x00000000,0x00000000,0x00000000,
0x00000000,0x00000000,0x00000000,0x00000000,0x00010000,0x00000000,0x00000000,0x00000000,0x00000000,0x00000000,0x00000000,0x00000000,
0x00000000,0x00000000,0x00000000,0x00000000,0x00000000,0x00000000,0x00000000,0x00000000,0x00000000,0x00000000,0x00000000,0x00000000,
0x00000000,0x00010000,0x00000000,0x00010000,0x00000000,0x00000000,0x00000000,0x00000000,0x00000000,0x00000000,0x00010000,0x00000000,
0x00000000,0x00000000,0x00000000,0x00000000,0x00000000,0x00000000,0x00000000,0x00000000,0x00000000,0x00000000,0x00010000,0x00000000,
0x00000000,0x00000000,0x00000000,0x00000000,0x00000000,0x00000000,0x00000000,0x00000000,0x00000000,0x00000000,0x00000000,0x00000000,
0x00000000,0x00000000,0x00000000,0x00000000,0x00000000,0x00000000,0x00000000,0x00010000,0x00000000,0x00000000,0x00000000,0x00000000,
0x00010000,0x00000000,0x00000000,0x00000000,0x00000000,0x00000000,0x00000000,0x00000000,0x00000000,0x00000000,0x00000000,0x00000000,
0x00000000,0x00000000,0x00000000,0x00000000,0x00000000,0x00000000,0x00000000,0x00000000,0x00000000,0x00000000,0x00000000,0x00000000,
0x00000000,0x00000000,0x00000000,0x00000000,0x00000000,0x00000000,0x00000000,0x00010000,0x00000000,0x00000000,0x00000000,0x00000000,
0x00000000,0x00000000,0x00000000,0x00000000,0x00000000,0x00000000,0x00000000,0x00000000,0x00000000,0x00000000,0x00000000,0x00000000,
0x00000000,0x00000000,0x00000000,0x00000000,0x00000000,0x00010000,0x00000000,0x00000000,0x00000000,0x00000000,0x00000000,0x00000000,
0x00000000,0x00000000,0x00010000,0x00000000,0x00000000,0x00000000,0x00000000,0x00000000,0x00000000,0x00000000,0x00000000,0x00000000,
0x00000000,0x00000000,0x00000000,0x00000000,0x00000000,0x00010000,0x00000000,0x00000000,0x00000000,0x00000000,0x00000000,0x00000000,
0x00000000,0x00000000,0x00000000,0x00000000,0x00000000,0x00000000,0x00000000,0x00000000,0x00010000,0x00000000,0x00000000,0x00000000,
0x00000000,0x00000000,0x00000000,0x00000000,0x00000000,0x00000000,0x00000000,0x00000000,0x00000000,0x00000000,0x00010000,0x00000000,
0x00000000,0x00000000,0x00000000,0x00000000,0x00000000,0x00000000,0x00000000,0x00000000,0x00000000,0x00000000,0x00000000,0x00000000,
0x00000000,0x00000000,0x00000000,0x00000000,0x00000000,0x00000000,0x00010000,0x00000000,0x00000000,0x00000000,0x00000000,0x00000000,
0x00000000,0x00000000,0x00000000,0x00000000,0x00000000,0x00000000,0x00000000,0x00000000,0x00000000,0x00000000,0x00010000,0x00000000,
0x00000000,0x00000000,0x00000000,0x00000000,0x00000000,0x00000000,0x00000000,0x00000000,0x00000000,0x00010000,0x00000000,0x00000000,
0x00000000,0x00010000,0x00000000,0x00000000,0x00000000,0x00000000,0x00000000,0x00000000,0x00000000,0x00000000,0x00000000,0x00000000,
0x00000000,0x00000000,0x00000000,0x00000000,0x00000000,0x00000000,0x00000000,0x00000000,0x00010000,0x00000000,0x00000000,0x00000000,
0x00000000,0x00000000,0x00000000,0x00000000,0x00000000,0x00010000,0x00000000,0x00000000,0x00010000,0x00000000,0x00000000,0x00000000,
0x00000000,0x00000000,0x00000000,0x00000000,0x00000000,0x00000000,0x00000000,0x00000000,0x00000000,0x00000000,0x00000000,0x00000000,
0x00000000,0x00000000,0x00000000,0x00000000,0x00000000,0x00000000,0x00000000,0x00000000,0x00000000,0x00000000,0x00010000,0x00000000,
0x00000000,0x00000000,0x00000000,0x00000000,0x00000000,0x00010000,0x00000000,0x00000000,0x00000000,0x00000000,0x00000000,0x00010000,
0x00000000,0x00000000,0x00000000,0x00000000,0x00000000,0x00000000,0x00000000,0x00000000,0x00000000,0x00000000,0x00000000,0x00000000,
0x00000000,0x00000000,0x00000000,0x00010000,0x00000000,0x00000000,0x00000000,0x00010000,0x00000000,0x00010000,0x00000000,0x00010000,
0x00000000,0x00000000,0x00000000,0x00000000,0x00000000,0x00000000,0x00000000,0x00000000,0x00010000,0x00000000,0x00000000,0x00000000,
0x00000000,0x00010000,0x00000000,0x00000000,0x00000000,0x00000000,0x00000000,0x00000000,0x00000000,0x00000000,0x00000000,0x00000000,
0x00000000,0x00000000,0x00000000,0x00000000,0x00000000,0x00000000,0x00000000,0x00000000,0x00000000,0x00000000,0x00000000,0x00000000,
0x00000000,0x00000000,0x00000000,0x00000000,0x00000000,0x00000000,0x00000000,0x00000000,0x00000000,0x00000000,0x00000000,0x00000000,
0x00000000,0x00000000,0x00010000,0x00000000,0x00000000,0x00000000,0x00000000,0x00000000,0x00000000,0x00000000,0x00000000,0x00000000,
0x00000000,0x00010000,0x00000000,0x00000000,0x00010000,0x00010000,0x00000000,0x00000000,0x00000000,0x00000000,0x00000000,0x00000000,
0x00000000,0x00000000,0x00000000,0x00000000,0x00000000,0x00000000,0x00000000,0x00000000,0x00000000,0x00000000,0x00000000,0x00000000,
0x00000000,0x00000000,0x00000000,0x00000000,0x00000000,0x00000000,0x00000000,0x00000000,0x00000000,0x00000000,0x00000000,0x00000000,
0x00000000,0x00000000,0x00000000,0x00000000,0x00000000,0x00000000,0x00000000,0x00000000,0x00010000,0x00000000,0x00000000,0x00000000,
0x00000000,0x00000000,0x00000000,0x00000000,0x00000000,0x00010000,0x00000000,0x00010000,0x00000000,0x00000000,0x00000000,0x00000000,
0x00000000,0x00000000,0x00000000,0x00000000,0x00000000,0x00000000,0x00000000,0x00000000,0x00000000,0x00000000,0x00000000,0x00000000,
0x00000000,0x00000000,0x00000000,0x00000000,0x00000000,0x00000000,0x00000000,0x00000000,0x00000000,0x00000000,0x00000000,0x00000000,
0x00000000,0x00000000,0x00000000,0x00000000,0x00000000,0x00000000,0x00000000,0x00010000,0x00000000,0x00000000,0x00000000,0x00000000,
0x00000000,0x00000000,0x00000000,0x00000000,0x00000000,0x00000000,0x00000000,0x00000000,0x00000000,0x00000000,0x00000000,0x00000000,
0x00010000,0x00000000,0x00000000,0x00000000,0x00000000,0x00000000,0x00000000,0x00000000,0x00000000,0x00000000,0x00000000,0x00000000,
0x00000000,0x00000000,0x00000000,0x00000000,0x00000000,0x00000000,0x00000000,0x00000000,0x00000000,0x00000000,0x00000000,0x00000000,
0x00000000,0x00010000,0x00000000,0x00000000,0x00000000,0x00000000,0x00000000,0x00000000,0x00000000,0x00010000,0x00000000,0x00000000,
0x00000000,0x00000000,0x00000000,0x00010000,0x00000000,0x00000000,0x00000000,0x00000000,0x00000000,0x00000000,0x00000000,0x00000000,
0x00000000,0x00000000,0x00000000,0x00000000,0x00010000,0x00000000,0x00000000,0x00000000,0x00000000,0x00000000,0x00000000,0x00000000,
0x00000000,0x00000000,0x00000000,0x00000000,0x00000000,0x00000000,0x00000000,0x00000000,0x00000000,0x00000000,0x00000000,0x00000000,
0x00000000,0x00010000,0x00000000,0x00000000,0x00000000,0x00000000,0x00000000,0x00000000,0x00010000,0x00000000,0x00010000,0x00000000,
0x00000000,0x00000000,0x00000000,0x00000000,0x00000000,0x00000000,0x00000000,0x00000000,0x00000000,0x00000000,0x00000000,0x00000000,
0x00000000,0x00000000,0x00000000,0x00000000,0x00010000,0x00000000,0x00000000,0x00000000,0x00000000,0x00010000,0x00000000,0x00000000,
0x00000000,0x00000000,0x00000000,0x00000000,0x00000000,0x00000000,0x00000000,0x00000000,0x00000000,0x00000000,0x00000000,0x00000000,
0x00000000,0x00000000,0x00000000,0x00000000,0x00000000,0x00000000,0x00000000,0x00000000,0x00000000,0x00000000,0x00000000,0x00000000,
0x00010000,0x00000000,0x00000000,0x00000000,0x00000000,0x00000000,0x00000000,0x00000000,0x00000000,0x00000000,0x00000000,0x00000000,
0x00000000,0x00000000,0x00000000,0x00000000,0x00000000,0x00000000,0x00000000,0x00000000,0x00000000,0x00010000,0x00010000,0x00000000,
0x00000000,0x00000000,0x00000000,0x00000000,0x00000000,0x00000000,0x00010000,0x00000000,0x00000000,0x00000000,0x00000000,0x00000000,
0x00000000,0x00000000,0x00000000,0x00000000,0x00000000,0x00000000,0x00000000,0x00000000,0x00000000,0x00000000,0x00010000,0x00000000,
0x00010000,0x00000000,0x00000000,0x00000000,0x00000000,0x00000000,0x00000000,0x00000000,0x00000000,0x00000000,0x00000000,0x00000000,
0x00000000,0x00000000,0x00000000,0x00000000,0x00000000,0x00000000,0x00000000,0x00000000,0x00000000,0x00000000,0x00000000,0x00000000,
0x00000000,0x00000000,0x00000000,0x00000000,0x00000000,0x00010000,0x00000000,0x00000000,0x00000000,0x00000000,0x00000000,0x00000000,
0x00000000,0x00000000,0x00010000,0x00000000,0x00000000,0x00000000,0x00000000,0x00000000,0x00000000,0x00000000,0x00000000,0x00000000,
0x00000000,0x00000000,0x00000000,0x00000000,0x00000000,0x00000000,0x00000000,0x00000000,0x00000000,0x00000000,0x00000000,0x00000000,
0x00000000,0x00000000,0x00000000,0x00000000,0x00010000,0x00010000,0x00000000,0x00000000,0x00000000,0x00000000,0x00000000,0x00000000,
0x00000000,0x00000000,0x00000000,0x00000000,0x00000000,0x00010000,0x00000000,0x00000000,0x00000000,0x00000000,0x00000000,0x00000000,
0x00000000,0x00010000,0x00000000,0x00000000,0x00000000,0x00010000,0x00000000,0x00000000,0x00000000,0x00000000,0x00000000,0x00000000,
0x00000000,0x00000000,0x00000000,0x00000000,0x00010000,0x00000000,0x00000000,0x00000000,0x00000000,0x00000000,0x00000000,0x00000000,
0x00000000,0x00000000,0x00000000,0x00010000,0x00010000,0x00000000,0x00000000,0x00000000,0x00000000,0x00000000,0x00000000,0x00000000,
0x00000000,0x00000000,0x00000000,0x00000000,0x00000000,0x00000000,0x00000000,0x00000000,0x00000000,0x00000000,0x00000000,0x00000000,
0x00000000,0x00000000,0x00010000,0x00000000,0x00000000,0x00000000,0x00000000,0x00000000,0x00000000,0x00000000,0x00000000,0x00000000,
0x00000000,0x00000000,0x00000000,0x00000000,0x00000000,0x00000000,0x00000000,0x00000000,0x00000000,0x00000000,0x00000000,0x00000000,
0x00000000,0x00000000,0x00000000,0x00000000,0x00010000,0x00000000,0x00000000,0x00000000,0x00000000,0x00000000,0x00010000,0x00000000,
0x00000000,0x00000000,0x00010000,0x00000000,0x00000000,0x00000000,0x00000000,0x00000000,0x00000000,0x00000000,0x00000000,0x00000000,
0x00000000,0x00000000,0x00000000,0x00000000,0x00000000,0x00000000,0x00000000,0x00000000,0x00000000,0x00000000,0x00000000,0x00000000,
0x00000000,0x00010000,0x00000000,0x00000000,0x00000000,0x00000000,0x00000000,0x00000000,0x00000000,0x00000000,0x00000000,0x00000000,
0x00000000,0x00000000,0x00000000,0x00000000,0x00000000,0x00000000,0x00000000,0x00000000,0x00000000,0x00000000,0x00000000,0x00000000,
0x00000000,0x00000000,0x00000000,0x00000000,0x00000000,0x00000000,0x00000000,0x00000000,0x00000000,0x00000000,0x00010000,0x00010000,
0x00000000,0x00000000,0x00000000,0x00000000,0x00000000,0x00000000,0x00000000,0x00000000,0x00000000,0x00000000,0x00000000,0x00000000,
0x00000000,0x00000000,0x00000000,0x00010000,0x00000000,0x00000000,0x00000000,0x00000000,0x00000000,0x00000000,0x00000000,0x00000000,
0x00000000,0x00000000,0x00010000,0x00000000,0x00000000,0x00000000,0x00000000,0x00000000,0x00000000,0x00000000,0x00000000,0x00000000,
0x00000000,0x00000000,0x00000000,0x00000000,0x00000000,0x00000000,0x00000000,0x00000000,0x00000000,0x00000000,0x00000000,0x00000000,
0x00000000,0x00000000,0x00000000,0x00000000,0x00000000,0x00000000,0x00000000,0x00000000,0x00000000,0x00000000,0x00000000,0x00000000,
0x00000000,0x00000000,0x00000000,0x00000000,0x00000000,0x00000000,0x00000000,0x00000000,0x00000000,0x00000000,0x00000000,0x00000000,
0x00000000,0x00000000,0x00000000,0x00000000,0x00000000,0x00000000,0x00000000,0x00000000,0x00000000,0x00000000,0x00000000,0x00000000,
0x00000000,0x00000000,0x00000000,0x00010000,0x00000000,0x00010000,0x00000000,0x00010000,0x00000000,0x00000000,0x00000000,0x00000000,
0x00000000,0x00000000,0x00000000,0x00000000,0x00000000,0x00000000,0x00000000,0x00010000,0x00000000,0x00000000,0x00000000,0x00000000,
0x00000000,0x00000000,0x00000000,0x00000000,0x00000000,0x00000000,0x00000000,0x00000000,0x00000000,0x00000000,0x00000000,0x00000000,
0x00000000,0x00000000,0x00000000,0x00000000,0x00000000,0x00000000,0x00000000,0x00000000,0x00000000,0x00010000,0x00000000,0x00000000,
0x00000000,0x00000000,0x00000000,0x00000000,0x00000000,0x00000000,0x00000000,0x00000000,0x00000000,0x00000000,0x00000000,0x00000000,
0x00000000,0x00000000,0x00000000,0x00000000,0x00000000,0x00000000,0x00000000,0x00000000,0x00010000,0x00010000,0x00000000,0x00000000,
0x00000000,0x00000000,0x00000000,0x00000000,0x00000000,0x00000000,0x00000000,0x00000000,0x00000000,0x00000000,0x00000000,0x00000000,
0x00000000,0x00000000,0x00010000,0x00000000,0x00000000,0x00010000,0x00000000,0x00000000,0x00000000,0x00000000,0x00000000,0x00000000,
0x00000000,0x00000000,0x00010000,0x00000000,0x00000000,0x00000000,0x00000000,0x00000000,0x00000000,0x00000000,0x00000000,0x00000000,
0x00000000,0x00000000,0x00000000,0x00000000,0x00000000,0x00000000,0x00000000,0x00010000,0x00000000,0x00000000,0x00000000,0x00000000,
0x00000000,0x00000000,0x00000000,0x00000000,0x00000000,0x00000000,0x00000000,0x00000000,0x00000000,0x00000000,0x00010000,0x00000000,
0x00000000,0x00000000,0x00000000,0x00000000,0x00000000,0x00000000,0x00010000,0x00000000,0x00000000,0x00010000,0x00000000,0x00000000,
0x00000000,0x00000000,0x00000000,0x00000000,0x00000000,0x00000000,0x00000000,0x00000000,0x00000000,0x00000000,0x00000000,0x00000000,
0x00000000,0x00000000,0x00000000,0x00000000,0x00000000,0x00000000,0x00000000,0x00000000,0x00000000,0x00000000,0x00000000,0x00000000,
0x00000000,0x00000000,0x00000000,0x00000000,0x00010000,0x00000000,0x00000000,0x00000000,0x00000000,0x00000000,0x00000000,0x00000000,
0x00000000,0x00000000,0x00000000,0x00000000,0x00000000,0x00000000,0x00000000,0x00000000,0x00000000,0x00000000,0x00000000,0x00000000,
0x00000000,0x00000000,0x00000000,0x00000000,0x00000000,0x00000000,0x00000000,0x00000000,0x00000000,0x00000000,0x00000000,0x00000000,
0x00000000,0x00000000,0x00000000,0x00000000,0x00000000,0x00010000,0x00000000,0x00000000,0x00000000,0x00000000,0x00010000,0x00000000,
0x00000000,0x00000000,0x00000000,0x00000000,0x00000000,0x00000000,0x00000000,0x00000000,0x00000000,0x00000000,0x00000000,0x00000000,
0x00000000,0x00000000,0x00000000,0x00000000,0x00000000,0x00000000,0x00000000,0x00000000,0x00000000,0x00000000,0x00000000,0x00000000,
0x00000000,0x00000000,0x00000000,0x00000000,0x00000000,0x00000000,0x00000000,0x00000000,0x00000000,0x00000000,0x00000000,0x00000000,
0x00000000,0x00000000,0x00000000,0x00000000,0x00000000,0x00000000,0x00000000,0x00000000,0x00000000,0x00000000,0x00000000,0x00000000,
0x00000000,0x00000000,0x00000000,0x00000000,0x00000000,0x00000000,0x00000000,0x00000000,0x00000000,0x00000000,0x00000000,0x00000000,
0x00000000,0x00000000,0x00000000,0x00000000,0x00000000,0x00000000,0x00000000,0x00000000,0x00000000,0x00010000,0x00000000,0x00000000,
0x00000000,0x00000000,0x00000000,0x00000000,0x00000000,0x00000000,0x00000000,0x00000000,0x00000000,0x00000000,0x00000000,0x00000000,
0x00000000,0x00010000,0x00000000,0x00000000,0x00000000,0x00000000,0x00000000,0x00000000,0x00000000,0x00000000,0x00000000,0x00000000,
0x00000000,0x00000000,0x00000000,0x00000000,0x00000000,0x00000000,0x00000000,0x00000000,0x00000000,0x00000000,0x00000000,0x00000000,
0x00000000,0x00000000,0x00000000,0x00000000,0x00000000,0x00000000,0x00000000,0x00000000,0x00000000,0x00000000,0x00000000,0x00000000,
0x00000000,0x00000000,0x00000000,0x00000000,0x00000000,0x00000000,0x00000000,0x00000000,0x00000000,0x00000000,0x00000000,0x00000000,
0x00010000,0x00000000,0x00000000,0x00000000,0x00000000,0x00000000,0x00000000,0x00010000,0x00000000,0x00000000,0x00000000,0x00000000,
0x00000000,0x00000000,0x00000000,0x00000000,0x00000000,0x00000000,0x00000000,0x00000000,0x00000000,0x00000000,0x00000000,0x00000000,
0x00000000,0x00000000,0x00000000,0x00000000,0x00000000,0x00000000,0x00000000,0x00000000,0x00000000,0x00000000,0x00000000,0x00010000,
0x00000000,0x00000000,0x00000000,0x00000000,0x00000000,0x00000000,0x00000000,0x00000000,0x00000000,0x00000000,0x00000000,0x00000000,
0x00000000,0x00000000,0x00000000,0x00000000,0x00000000,0x00000000,0x00000000,0x00000000,0x00000000,0x00000000,0x00000000,0x00000000,
0x00000000,0x00000000,0x00000000,0x00000000,0x00000000,0x00000000,0x00000000,0x00000000,0x00000000,0x00000000,0x00000000,0x00000000,
0x00000000,0x00000000,0x00010000,0x00000000,0x00010000,0x00000000,0x00000000,0x00000000,0x00000000,0x00000000,0x00000000,0x00000000,
0x00000000,0x00000000,0x00000000,0x00000000,0x00000000,0x00000000,0x00000000,0x00000000,0x00000000,0x00000000,0x00000000,0x00000000,
0x00000000,0x00000000,0x00000000,0x00010000,0x00000000,0x00000000,0x00000000,0x00000000,0x00000000,0x00000000,0x00000000,0x00000000,
0x00000000,0x00000000,0x00000000,0x00000000,0x00000000,0x00000000,0x00000000,0x00000000,0x00000000,0x00000000,0x00000000,0x00000000,
0x00000000,0x00000000,0x00000000,0x00000000,0x00000000,0x00000000,0x00000000,0x00000000,0x00000000,0x00000000,0x00000000,0x00000000,
0x00000000,0x00000000,0x00000000,0x00000000,0x00000000,0x00000000,0x00000000,0x00000000,0x00000000,0x00000000,0x00000000,0x00000000,
0x00000000,0x00000000,0x00000000,0x00000000,0x00000000,0x00000000,0x00000000,0x00000000,0x00000000,0x00000000,0x00000000,0x00000000,
0x00000000,0x00000000,0x00000000,0x00000000,0x00000000,0x00000000,0x00000000,0x00000000,0x00000000,0x00000000,0x00000000,0x00000000,
0x00000000,0x00000000,0x00000000,0x00000000,0x00000000,0x00010000,0x00000000,0x00000000,0x00000000,0x00000000,0x00000000,0x00000000,
0x00000000,0x00000000,0x00000000,0x00000000,0x00000000,0x00000000,0x00000000,0x00000000,0x00000000,0x00000000,0x00000000,0x00000000,
0x00000000,0x00000000,0x00000000,0x00010000,0x00000000,0x00010000,0x00000000,0x00000000,0x00000000,0x00000000,0x00000000,0x00000000,
0x00000000,0x00000000,0x00000000,0x00010000,0x00000000,0x00000000,0x00000000,0x00000000,0x00000000,0x00000000,0x00000000,0x00000000,
0x00000000,0x00000000,0x00000000,0x00000000,0x00000000,0x00000000,0x00000000,0x00000000,0x00000000,0x00010000,0x00000000,0x00000000,
0x00000000,0x00000000,0x00000000,0x00010000,0x00000000,0x00000000,0x00000000,0x00000000,0x00000000,0x00000000,0x00000000,0x00000000,
0x00010000,0x00000000,0x00000000,0x00000000,0x00000000,0x00000000,0x00000000,0x00000000,0x00000000,0x00000000,0x00000000,0x00000000,
0x00000000,0x00000000,0x00000000,0x00000000,0x00000000,0x00000000,0x00000000,0x00000000,0x00000000,0x00000000,0x00010000,0x00000000,
0x00000000,0x00000000,0x00000000,0x00000000,0x00000000,0x00000000,0x00000000,0x00000000,0x00000000,0x00000000,0x00000000,0x00000000,
0x00000000,0x00000000,0x00000000,0x00000000,0x00010000,0x00000000,0x00000000,0x00010000,0x00000000,0x00000000,0x00000000,0x00000000,
0x00000000,0x00000000,0x00000000,0x00000000,0x00010000,0x00000000,0x00000000,0x00000000,0x00000000,0x00000000,0x00000000,0x00000000,
0x00000000,0x00000000,0x00010000,0x00000000,0x00000000,0x00000000,0x00000000,0x00000000,0x00000000,0x00000000,0x00000000,0x00000000,
0x00000000,0x00000000,0x00000000,0x00000000,0x00000000,0x00000000,0x00000000,0x00000000,0x00000000,0x00000000,0x00000000,0x00000000,
0x00000000,0x00000000,0x00000000,0x00000000,0x00000000,0x00000000,0x00000000,0x00000000,0x00000000,0x00000000,0x00000000,0x00000000,
0x00000000,0x00000000,0x00000000,0x00000000,0x00000000,0x00000000,0x00000000,0x00000000,0x00000000,0x00000000,0x00000000,0x00000000,
0x00000000,0x00000000,0x00000000,0x00000000,0x00000000,0x00000000,0x00000000,0x00000000,0x00000000,0x00000000,0x00000000,0x00010000,
0x00000000,0x00000000,0x00000000,0x00000000,0x00000000,0x00000000,0x00000000,0x00000000,0x00000000,0x00000000,0x00000000,0x00000000,
0x00000000,0x00010000,0x00000000,0x00000000,0x00000000,0x00000000,0x00000000,0x00000000,0x00000000,0x00000000,0x00000000,0x00000000,
0x00000000,0x00000000,0x00000000,0x00000000,0x00000000,0x00000000,0x00000000,0x00000000,0x00000000,0x00000000,0x00000000,0x00000000,
0x00000000,0x00000000,0x00010000,0x00000000,0x00010000,0x00000000,0x00000000,0x00000000,0x00000000,0x00000000,0x00000000,0x00000000,
0x00000000,0x00000000,0x00000000,0x00010000,0x00000000,0x00000000,0x00000000,0x00000000,0x00000000,0x00000000,0x00000000,0x00000000,
0x00000000,0x00000000,0x00000000,0x00000000,0x00000000,0x00000000,0x00000000,0x00000000,0x00000000,0x00000000,0x00000000,0x00000000,
0x00000000,0x00000000,0x00000000,0x00000000,0x00000000,0x00000000,0x00000000,0x00010000,0x00000000,0x00000000,0x00000000,0x00000000,
0x00010000,0x00000000,0x00000000,0x00000000,0x00000000,0x00000000,0x00000000,0x00000000,0x00000000,0x00000000,0x00000000,0x00000000,
0x00000000,0x00000000,0x00000000,0x00000000,0x00000000,0x00000000,0x00000000,0x00000000,0x00000000,0x00000000,0x00000000,0x00000000,
0x00000000,0x00000000,0x00000000,0x00000000,0x00000000,0x00000000,0x00000000,0x00010000,0x00000000,0x00000000,0x00000000,0x00000000,
0x00000000,0x00000000,0x00000000,0x00000000,0x00000000,0x00000000,0x00000000,0x00000000,0x00000000,0x00000000,0x00000000,0x00000000,
0x00000000,0x00000000,0x00000000,0x00000000,0x00000000,0x00000000,0x00000000,0x00000000,0x00000000,0x00000000,0x00000000,0x00000000,
0x00000000,0x00000000,0x00000000,0x00000000,0x00000000,0x00000000,0x00000000,0x00000000,0x00000000,0x00000000,0x00000000,0x00000000,
0x00000000,0x00000000,0x00000000,0x00010000,0x00000000,0x00000000,0x00000000,0x00000000,0x00000000,0x00000000,0x00000000,0x00000000,
0x00000000,0x00000000,0x00000000,0x00000000,0x00000000,0x00000000,0x00000000,0x00000000,0x00000000,0x00000000,0x00000000,0x00000000,
0x00000000,0x00000000,0x00000000,0x00000000,0x00000000,0x00010000,0x00000000,0x00000000,0x00000000,0x00000000,0x00000000,0x00000000,
0x00000000,0x00000000,0x00000000,0x00000000,0x00000000,0x00000000,0x00000000,0x00000000,0x00000000,0x00000000,0x00000000,0x00000000,
0x00000000,0x00000000,0x00000000,0x00000000,0x00000000,0x00000000,0x00000000,0x00000000,0x00000000,0x00000000,0x00000000,0x00000000,
0x00000000,0x00000000,0x00000000,0x00000000,0x00000000,0x00010000,0x00000000,0x00000000,0x00000000,0x00000000,0x00000000,0x00000000,
0x00000000,0x00000000,0x00000000,0x00000000,0x00000000,0x00000000,0x00000000,0x00000000,0x00000000,0x00000000,0x00000000,0x00000000,
0x00000000,0x00000000,0x00000000,0x00000000,0x00000000,0x00000000,0x00000000,0x00000000,0x00000000,0x00000000,0x00000000,0x00000000,
0x00000000,0x00000000,0x00000000,0x00010000,0x00000000,0x00000000,0x00000000,0x00000000,0x00000000,0x00000000,0x00000000,0x00000000,
0x00000000,0x00000000,0x00000000,0x00000000,0x00000000,0x00000000,0x00000000,0x00000000,0x00000000,0x00000000,0x00000000,0x00000000,
0x00010000,0x00000000,0x00000000,0x00000000,0x00000000,0x00000000,0x00000000,0x00000000,0x00000000,0x00000000,0x00000000,0x00000000,
0x00000000,0x00000000,0x00000000,0x00000000,0x00000000,0x00000000,0x00000000,0x00000000,0x00000000,0x00000000,0x00000000,0x00000000,
0x00000000,0x00000000,0x00000000,0x00000000,0x00010000,0x00010000,0x00000000,0x00000000,0x00000000,0x00000000,0x00000000,0x00000000,
0x00000000,0x00000000,0x00000000,0x00000000,0x00000000,0x00000000,0x00000000,0x00000000,0x00000000,0x00000000,0x00000000,0x00000000,
0x00000000,0x00000000,0x00000000,0x00010000,0x00000000,0x00000000,0x00000000,0x00000000,0x00000000,0x00000000,0x00000000,0x00000000,
0x00000000,0x00000000,0x00000000,0x00000000,0x00000000,0x00000000,0x00000000,0x00000000,0x00000000,0x00000000,0x00000000,0x00000000,
0x00000000,0x00000000,0x00000000,0x00010000,0x00000000,0x00000000,0x00000000,0x00000000,0x00000000,0x00000000,0x00000000,0x00000000,
0x00000000,0x00000000,0x00000000,0x00000000,0x00000000,0x00000000,0x00000000,0x00000000,0x00000000,0x00000000,0x00000000,0x00000000,
0x00000000,0x00000000,0x00000000,0x00000000,0x00000000,0x00000000,0x00000000,0x00000000,0x00000000,0x00000000,0x00000000,0x00000000,
0x00000000,0x00000000,0x00000000,0x00000000,0x00000000,0x00000000,0x00000000,0x00000000,0x00000000,0x00000000,0x00000000,0x00000000,
0x00000000,0x00000000,0x00000000,0x00000000,0x00000000,0x00000000,0x00000000,0x00000000,0x00010000,0x00000000,0x00000000,0x00000000,
0x00000000,0x00000000,0x00000000,0x00000000,0x00000000,0x00000000,0x00010000,0x00000000,0x00000000,0x00000000,0x00000000,0x00000000,
0x00000000,0x00000000,0x00000000,0x00000000,0x00000000,0x00000000,0x00000000,0x00000000,0x00010000,0x00000000,0x00000000,0x00000000,
0x00000000,0x00000000,0x00000000,0x00000000,0x00000000,0x00000000,0x00000000,0x00000000,0x00000000,0x00000000,0x00000000,0x00000000,
0x00000000,0x00000000,0x00000000,0x00000000,0x00000000,0x00000000,0x00000000,0x00000000,0x00000000,0x00000000,0x00000000,0x00000000,
0x00000000,0x00000000,0x00000000,0x00000000,0x00000000,0x00000000,0x00010000,0x00000000,0x00000000,0x00000000,0x00000000,0x00000000,
0x00000000,0x00000000,0x00000000,0x00000000,0x00000000,0x00000000,0x00000000,0x00000000,0x00000000,0x00000000,0x00000000,0x00000000,
0x00000000,0x00000000,0x00000000,0x00000000,0x00000000,0x00000000,0x00000000,0x00000000,0x00010000,0x00010000,0x00000000,0x00000000,
0x00000000,0x00000000,0x00000000,0x00000000,0x00000000,0x00010000,0x00000000,0x00000000,0x00000000,0x00000000,0x00000000,0x00010000,
0x00000000,0x00000000,0x00000000,0x00000000,0x00000000,0x00000000,0x00000000,0x00000000,0x00000000,0x00000000,0x00000000,0x00000000,
0x00000000,0x00000000,0x00000000,0x00000000,0x00000000,0x00000000,0x00000000,0x00000000,0x00000000,0x00000000,0x00000000,0x00000000,
0x00000000,0x00000000,0x00000000,0x00000000,0x00010000,0x00000000,0x00000000,0x00000000,0x00000000,0x00000000,0x00000000,0x00000000,
0x00010000,0x00000000,0x00000000,0x00000000,0x00000000,0x00000000,0x00000000,0x00000000,0x00000000,0x00000000,0x00000000,0x00000000,
0x00000000,0x00000000,0x00000000,0x00000000,0x00000000,0x00000000,0x00000000,0x00000000,0x00000000,0x00000000,0x00000000,0x00000000,
0x00000000,0x00000000,0x00000000,0x00000000,0x00000000,0x00000000,0x00000000,0x00000000,0x00000000,0x00000000,0x00000000,0x00000000,
0x00000000,0x00000000,0x00010000,0x00000000,0x00000000,0x00000000,0x00000000,0x00000000,0x00000000,0x00000000,0x00000000,0x00000000,
0x00000000,0x00000000,0x00000000,0x00000000,0x00000000,0x00000000,0x00000000,0x00000000,0x00000000,0x00010000,0x00000000,0x00000000,
0x00000000,0x00000000,0x00000000,0x00000000,0x00000000,0x00000000,0x00000000,0x00000000,0x00000000,0x00000000,0x00000000,0x00000000,
0x00000000,0x00000000,0x00000000,0x00000000,0x00000000,0x00000000,0x00010000,0x00000000,0x00000000,0x00000000,0x00000000,0x00000000,
0x00000000,0x00000000,0x00000000,0x00000000,0x00010000,0x00000000,0x00000000,0x00000000,0x00010000,0x00000000,0x00000000,0x00000000,
0x00000000,0x00000000,0x00000000,0x00000000,0x00000000,0x00000000,0x00000000,0x00000000,0x00000000,0x00000000,0x00000000,0x00000000,
0x00000000,0x00000000,0x00000000,0x00000000,0x00000000,0x00000000,0x00000000,0x00000000,0x00000000,0x00000000,0x00000000,0x00000000,
0x00000000,0x00000000,0x00000000,0x00000000,0x00000000,0x00000000,0x00000000,0x00000000,0x00010000,0x00000000,0x00000000,0x00000000,
0x00000000,0x00000000,0x00000000,0x00000000,0x00010000,0x00000000,0x00000000,0x00000000,0x00000000,0x00000000,0x00000000,0x00000000,
0x00000000,0x00000000,0x00000000,0x00000000,0x00000000,0x00000000,0x00000000,0x00000000,0x00000000,0x00000000,0x00000000,0x00010000,
0x00000000,0x00000000,0x00000000,0x00000000,0x00000000,0x00000000,0x00000000,0x00000000,0x00000000,0x00000000,0x00010000,0x00000000,
0x00000000,0x00000000,0x00000000,0x00000000,0x00000000,0x00010000,0x00000000,0x00000000,0x00000000,0x00000000,0x00000000,0x00000000,
0x00000000,0x00000000,0x00000000,0x00000000,0x00000000,0x00000000,0x00000000,0x00010100,0x00000000,0x00000000,0x00000000,0x00000000,
0x00000000,0x00000000,0x00000000,0x00000000,0x00000000,0x00000000,0x00000000,0x00000000,0x00000000,0x00000000,0x00000000,0x00000000,
0x00000000,0x00000000,0x00000000,0x00000000,0x00000000,0x00000000,0x00000000,0x00000000,0x00000000,0x00000000,0x00000000,0x00000000,
0x00000000,0x00000000,0x00000000,0x00000000,0x00000000,0x00000000,0x00000000,0x00000000,0x00000000,0x00000000,0x00000000,0x00000000,
0x00000000,0x00000000,0x00000000,0x00000000,0x00000000,0x00000000,0x00000000,0x00000000,0x00000000,0x00000000,0x00000000,0x00000000,
0x00000000,0x00000000,0x00000000,0x00000000,0x00000000,0x00000000,0x00000000,0x00000000,0x00000000,0x00000000,0x00000000,0x00000000,
0x00000000,0x00000000,0x00000000,0x00000000,0x00000000,0x00000000,0x00000000,0x00000000,0x00000000,0x00000000,0x00000000,0x00000000,
0x00000000,0x00000000,0x00000000,0x00000000,0x00000000,0x00000000,0x00000000,0x00000000,0x00000000,0x00000000,0x00000000,0x00010000,
0x00000000,0x00000000,0x00000000,0x00000000,0x00000000,0x00000000,0x00000000,0x00000000,0x00000000,0x00000000,0x00010000,0x00000000,
0x00000000,0x00000000,0x00000000,0x00000000,0x00000000,0x00000000,0x00000000,0x00000000,0x00000000,0x00000000,0x00000000,0x00000000,
0x00000000,0x00000000,0x00000000,0x00000000,0x00010000,0x00000000,0x00000000,0x00000000,0x00000000,0x00000000,0x00000000,0x00000000,
0x00000000,0x00000000,0x00000000,0x00000000,0x00000000,0x00000000,0x00000000,0x00000000,0x00000000,0x00000000,0x00000000,0x00000000,
0x00000000,0x00000000,0x00000000,0x00000000,0x00000000,0x00000000,0x00000000,0x00000000,0x00000000,0x00000000,0x00000000,0x00000000,
0x00000000,0x00000000,0x00010000,0x00000000,0x00000000,0x00000000,0x00000000,0x00000000,0x00000000,0x00000000,0x00000000,0x00000000,
0x00000000,0x00000000,0x00000000,0x00000000,0x00000000,0x00000000,0x00000000,0x00000000,0x00000000,0x00000000,0x00000000,0x00010000,
0x00000000,0x00000000,0x00000000,0x00000000,0x00000000,0x00000000,0x00000000,0x00000000,0x00000000,0x00000000,0x00000000,0x00000000,
0x00000000,0x00000000,0x00000000,0x00000000,0x00000000,0x00000000,0x00000000,0x00000000,0x00000000,0x00010000,0x00000000,0x00000000,
0x00000000,0x00010000,0x00000000,0x00000000,0x00000000,0x00000000,0x00000000,0x00000000,0x00000000,0x00000000,0x00000000,0x00010000,
0x00010000,0x00000000,0x00000000,0x00010000,0x00000000,0x00000000,0x00000000,0x00000000,0x00000000,0x00010000,0x00000000,0x00000000,
0x00000000,0x00000000,0x00000000,0x00000000,0x00000000,0x00000000,0x00000000,0x00000000,0x00000000,0x00000000,0x00000000,0x00000000,
0x00000000,0x00000000,0x00000000,0x00000000,0x00000000,0x00000000,0x00000000,0x00000000,0x00000000,0x00000000,0x00000000,0x00000000,
0x00000000,0x00000000,0x00000000,0x00000000,0x00000000,0x00000000,0x00000000,0x00000000,0x00000000,0x00000000,0x00000000,0x00000000,
0x00000000,0x00010000,0x00000000,0x00000000,0x00000000,0x00000000,0x00000000,0x00000000,0x00000000,0x00000000,0x00000000,0x00000000,
0x00000000,0x00000000,0x00000000,0x00000000,0x00000000,0x00000000,0x00000000,0x00000000,0x00010000,0x00000000,0x00000000,0x00000000,
0x00000000,0x00000000,0x00000000,0x00000000,0x00000000,0x00000000,0x00000000,0x00000000,0x00000000,0x00000000,0x00000000,0x00010000,
0x00000000,0x00000000,0x00010000,0x00000000,0x00000000,0x00000000,0x00000000,0x00000000,0x00000000,0x00000000,0x00000000,0x00000000,
0x00010000,0x00000000,0x00000000,0x00000000,0x00000000,0x00000000,0x00000000,0x00000000,0x00000000,0x00000000,0x00000000,0x00000000,
0x00000000,0x00000000,0x00000000,0x00000000,0x00000000,0x00000000,0x00000000,0x00000000,0x00000000,0x00000000,0x00000000,0x00000000,
0x00000000,0x00000000,0x00000000,0x00000000,0x00000000,0x00000000,0x00000000,0x00000000,0x00000000,0x00000000,0x00000000,0x00000000,
0x00000000,0x00000000,0x00000000,0x00000000,0x00000000,0x00000000,0x00000000,0x00000000,0x00000000,0x00000000,0x00010000,0x00000000,
0x00000000,0x00000000,0x00000000,0x00000000,0x00000000,0x00000000,0x00000000,0x00000000,0x00000000,0x00000000,0x00000000,0x00000000,
0x00000000,0x00000000,0x00000000,0x00000000,0x00000000,0x00000000,0x00000000,0x00000000,0x00000000,0x00000000,0x00010000,0x00000000,
0x00000000,0x00000000,0x00000000,0x00000000,0x00000000,0x00000000,0x00000000,0x00000000,0x00000000,0x00000000,0x00000000,0x00000000,
0x00000000,0x00000000,0x00000000,0x00000000,0x00000000,0x00000000,0x00000000,0x00000000,0x00000000,0x00000000,0x00000000,0x00010000,
0x00000000,0x00000000,0x00000000,0x00000000,0x00000000,0x00000000,0x00000000,0x00000000,0x00000000,0x00000000,0x00010000,0x00000000,
0x00000000,0x00000000,0x00000000,0x00000000,0x00000000,0x00000000,0x00000000,0x00000000,0x00000000,0x00000000,0x00000000,0x00000000,
0x00000000,0x00000000,0x00000000,0x00000000,0x00000000,0x00000000,0x00000000,0x00000000,0x00000000,0x00010001,0x00030203,0x00030203,
0x00030102,0x00030203,0x00010001,0x00000000,0x00000000,0x00000000,0x00000000,0x00010000,0x00000000,0x00000000,0x00000000,0x00000000,
0x00000000,0x00000000,0x00010000,0x00010000,0x00000000,0x00000000,0x00000000,0x00000000,0x00000000,0x00000000,0x00000000,0x00000000,
0x00000000,0x00000000,0x00000000,0x00000000,0x00000000,0x00010000,0x00000000,0x00000000,0x00000000,0x00000000,0x00000000,0x00000000,
0x00000000,0x00000000,0x00000000,0x00000000,0x00000000,0x00000000,0x00000000,0x00000000,0x00000000,0x00000000,0x00000000,0x00000000,
0x00000000,0x00000000,0x00000000,0x00000000,0x00000000,0x00000000,0x00000000,0x00000000,0x00000000,0x00000000,0x00000000,0x00000000,
0x00000000,0x00010000,0x00000000,0x00000000,0x00000000,0x00010000,0x00000000,0x00000000,0x00000000,0x00000000,0x00000000,0x00000000,
0x00000000,0x00000000,0x00000000,0x00000000,0x00000000,0x00000000,0x00010000,0x00000000,0x00000000,0x00010000,0x00000000,0x00000000,
0x00000000,0x00000000,0x00000000,0x00000000,0x00000000,0x00000000,0x00000000,0x00000000,0x00000000,0x00000000,0x00000000,0x00000000,
0x00000000,0x00000000,0x00000000,0x00000000,0x00000000,0x00000000,0x00000000,0x00000000,0x00000000,0x00000000,0x00000000,0x00000000,
0x00000000,0x00000000,0x00000000,0x00000000,0x00000000,0x00000000,0x00000000,0x00000000,0x00000000,0x00000000,0x00000000,0x00000000,
0x00000000,0x00000000,0x00000000,0x00000000,0x00000000,0x00000000,0x00000000,0x00000000,0x00000000,0x00000000,0x00000000,0x00000000,
0x00000000,0x00000000,0x00000000,0x00000000,0x00000000,0x00000000,0x00000000,0x00000000,0x00000000,0x00000000,0x00000000,0x00000000,
0x00000000,0x00000000,0x00000000,0x00000000,0x00000000,0x00000000,0x00000000,0x00010000,0x00000000,0x00000000,0x00000000,0x00000000,
0x00030203,0x00000000,0x00000000,0x00000000,0x00000000,0x00000000,0x00000000,0x00040203,0x00010001,0x00000000,0x00000000,0x00000000,
0x00000000,0x00000000,0x00010000,0x00000000,0x00000000,0x00000000,0x00000000,0x00000000,0x00000000,0x00000000,0x00000000,0x00000000,
0x00000000,0x00010000,0x00000000,0x00000000,0x00000000,0x00000000,0x00000000,0x00000000,0x00000000,0x00000000,0x00000000,0x00000000,
0x00000000,0x00000000,0x00000000,0x00000000,0x00000000,0x00000000,0x00010000,0x00000000,0x00000000,0x00000000,0x00000000,0x00000000,
0x00000000,0x00000000,0x00000000,0x00000000,0x00000000,0x00000000,0x00000000,0x00000000,0x00000000,0x00000000,0x00000000,0x00000000,
0x00000000,0x00000000,0x00000000,0x00010000,0x00010000,0x00010000,0x00000000,0x00000000,0x00000000,0x00000000,0x00010000,0x00000000,
0x00000000,0x00000000,0x00000000,0x00000000,0x00000000,0x00000000,0x00000000,0x00000000,0x00010000,0x00010000,0x00000000,0x00000000,
0x00000000,0x00000000,0x00000000,0x00000000,0x00000000,0x00000000,0x00000000,0x00000000,0x00010000,0x00000000,0x00000000,0x00000000,
0x00000000,0x00000000,0x00000000,0x00000000,0x00000000,0x00000000,0x00000000,0x00000000,0x00000000,0x00000000,0x00000000,0x00000000,
0x00000000,0x00000000,0x00000000,0x00000000,0x00000000,0x00000000,0x00000000,0x00000000,0x00000000,0x00000000,0x00000000,0x00000000,
0x00000000,0x00000000,0x00000000,0x00000000,0x00000000,0x00000000,0x00000000,0x00000000,0x00000000,0x00000000,0x00000000,0x00000000,
0x00000000,0x00000000,0x00000000,0x00010000,0x00000000,0x00000000,0x00000000,0x00000000,0x00000000,0x00000000,0x00000000,0x00000000,
0x00000000,0x00000000,0x00000000,0x00000000,0x00000000,0x00000000,0x00000000,0x00000000,0x00000000,0x00000000,0x00000000,0x00000000,
0x00000000,0x00000000,0x00010102,0x00010101,0x00000000,0x00030203,0xFF472B4C,0xFF9760A1,0xFFA064AA,0xFF523258,0x000A060B,0x00000000,
0x00000000,0x00020102,0x00000000,0x00000000,0x00000000,0x00000000,0x00000000,0x00000000,0x00000000,0x00000000,0x00000000,0x00000000,
0x00000000,0x00000000,0x00000000,0x00000000,0x00000000,0x00000000,0x00000000,0x00000000,0x00000000,0x00000000,0x00000000,0x00000000,
0x00000000,0x00010000,0x00000000,0x00000000,0x00000000,0x00000000,0x00000000,0x00000000,0x00000000,0x00000000,0x00000000,0x00000000,
0x00000000,0x00000000,0x00000000,0x00000000,0x00000000,0x00000000,0x00000000,0x00000000,0x00000000,0x00000000,0x00000000,0x00000000,
0x00000000,0x00000000,0x00000000,0x00000000,0x00000000,0x00000000,0x00000000,0x00000000,0x00000000,0x00000000,0x00000000,0x00000000,
0x00000000,0x00000000,0x00010000,0x00000000,0x00000000,0x00000000,0x00000000,0x00000000,0x00010000,0x00000000,0x00000000,0x00000000,
0x00000000,0x00010000,0x00000000,0x00000000,0x00000000,0x00000000,0x00000000,0x00000000,0x00000000,0x00000000,0x00000000,0x00000000,
0x00000000,0x00000000,0x00000000,0x00000000,0x00000000,0x00000000,0x00000000,0x00000000,0x00000000,0x00000000,0x00000000,0x00000000,
0x00010000,0x00000000,0x00000000,0x00000000,0x00000000,0x00000000,0x00000000,0x00000000,0x00000000,0x00000000,0x00000000,0x00000000,
0x00000000,0x00000000,0x00000000,0x00000000,0x00000000,0x00000000,0x00000000,0x00000000,0x00000000,0x00000000,0x00000000,0x00000000,
0x00000000,0x00000000,0x00000000,0x00000000,0x00000000,0x00010000,0x00000000,0x00000000,0x00010000,0x00000000,0x00000000,0x00000000,
0x00000000,0x00000000,0x00000000,0x00000000,0x00010000,0x00000000,0x00000000,0x00000000,0x00000000,0x00000000,0x00000000,0x00000000,
0x00000000,0x00000000,0x00000000,0x00000000,0x00000000,0x00030203,0x00000000,0x00000000,0xFF4D2F53,0xFFB775C6,0xFFEA96FC,0xFFEB94FC,
0xFFEA92FA,0xFFEB94FD,0xFFC47BD3,0xFF623E6A,0x00050405,0x00000000,0x00030203,0x00000000,0x00000000,0x00000000,0x00000000,0x00000000,
0x00000000,0x00000000,0x00000000,0x00000000,0x00000000,0x00000000,0x00000000,0x00000000,0x00000000,0x00000000,0x00000000,0x00000000,
0x00010000,0x00000000,0x00000000,0x00000000,0x00000000,0x00000000,0x00000000,0x00000000,0x00010000,0x00000000,0x00000000,0x00000000,
0x00000000,0x00000000,0x00000000,0x00000000,0x00000000,0x00000000,0x00000000,0x00000000,0x00000000,0x00000000,0x00000000,0x00000000,
0x00000000,0x00000000,0x00000000,0x00000000,0x00000000,0x00000000,0x00000000,0x00000000,0x00000000,0x00000000,0x00000000,0x00000000,
0x00000000,0x00010000,0x00000000,0x00000000,0x00000000,0x00000000,0x00000000,0x00000000,0x00000000,0x00000000,0x00000000,0x00000000,
0x00000000,0x00000000,0x00000000,0x00010000,0x00000000,0x00010000,0x00010000,0x00000000,0x00000000,0x00000000,0x00000000,0x00000000,
0x00000000,0x00000000,0x00000000,0x00000000,0x00000000,0x00000000,0x00000000,0x00010000,0x00000000,0x00010000,0x00000000,0x00010000,
0x00000000,0x00000000,0x00000000,0x00000000,0x00000000,0x00000000,0x00000000,0x00000000,0x00000000,0x00000000,0x00000000,0x00000000,
0x00000000,0x00010000,0x00000000,0x00000000,0x00000000,0x00000000,0x00000000,0x00000000,0x00000000,0x00000000,0x00000000,0x00000000,
0x00000000,0x00000000,0x00000000,0x00000000,0x00000000,0x00000000,0x00000000,0x00000000,0x00000000,0x00010000,0x00000000,0x00000000,
0x00010000,0x00000000,0x00000000,0x00000000,0x00000000,0x00000000,0x00000000,0x00000000,0x00000000,0x00000000,0x00000000,0x00000000,
0x00000000,0x00000000,0x00000000,0x00000000,0x00000000,0x00000000,0x00000000,0x00000000,0x00030203,0x00000000,0xFF1C111F,0xFFA267B0,
0xFFE993FC,0xFFE391F5,0xFFDA8BEA,0xFFDA8CEA,0xFFDA8CEB,0xFFD98BE9,0xFFE18FF3,0xFFEC98FF,0xFFB676C7,0xFF311F36,0x00000000,0x00030203,
0x00000000,0x00000000,0x00000000,0x00000000,0x00000000,0x00000000,0x00000000,0x00000000,0x00000000,0x00000000,0x00000000,0x00000000,
0x00000000,0x00000000,0x00000000,0x00000000,0x00000000,0x00000000,0x00000000,0x00000000,0x00000000,0x00000000,0x00000000,0x00000000,
0x00010000,0x00000000,0x00000000,0x00000000,0x00000000,0x00000000,0x00000000,0x00000000,0x00000000,0x00000000,0x00000000,0x00000000,
0x00000000,0x00000000,0x00000000,0x00000000,0x00000000,0x00000000,0x00000000,0x00000000,0x00000000,0x00000000,0x00000000,0x00000000,
0x00000000,0x00000000,0x00000000,0x00000000,0x00000000,0x00000000,0x00000000,0x00000000,0x00000000,0x00000000,0x00000000,0x00000000,
0x00000000,0x00000000,0x00000000,0x00000000,0x00000000,0x00000000,0x00000000,0x00000000,0x00000000,0x00000000,0x00010000,0x00000000,
0x00000000,0x00000000,0x00000000,0x00000000,0x00000000,0x00000000,0x00000000,0x00000000,0x00000000,0x00000000,0x00000000,0x00010000,
0x00000000,0x00000000,0x00000000,0x00000000,0x00000000,0x00000000,0x00000000,0x00000000,0x00010000,0x00000000,0x00000000,0x00000000,
0x00000000,0x00000000,0x00000000,0x00000000,0x00000000,0x00000000,0x00000000,0x00010000,0x00000000,0x00000000,0x00000000,0x00000000,
0x00000000,0x00000000,0x00000000,0x00000000,0x00000000,0x00000000,0x00000000,0x00000000,0x00000000,0x00000000,0x00000000,0x00000000,
0x00000000,0x00000000,0x00000000,0x00000000,0x00000000,0x00000000,0x00000000,0x00000000,0x00000000,0x00000000,0x00000000,0x00000000,
0x00000000,0x00000000,0x00000000,0x00000000,0x00010000,0x00000000,0x00000000,0x00000000,0x00000000,0x00000000,0x00000000,0x00030204,
0x00000000,0xFF3D2542,0xFFCD83E1,0xFFE794FC,0xFFD78BEA,0xFFD98BEB,0xFFDB8CED,0xFFDB8EEE,0xFFDB8EEE,0xFFDB8EEE,0xFFDA8DED,0xFFD78BEA,
0xFFE593F9,0xFFDE8EF2,0xFF5D3B65,0x00000000,0x00030203,0x00000000,0x00000000,0x00000000,0x00000000,0x00000000,0x00000000,0x00000000,
0x00000000,0x00010000,0x00000000,0x00000000,0x00000000,0x00000000,0x00000000,0x00000000,0x00000000,0x00000000,0x00000000,0x00000000,
0x00000000,0x00000000,0x00000000,0x00000000,0x00000000,0x00000000,0x00000000,0x00000000,0x00000000,0x00000000,0x00000000,0x00000000,
0x00000000,0x00000000,0x00000000,0x00000000,0x00000000,0x00010000,0x00000000,0x00000000,0x00000000,0x00010000,0x00000000,0x00000000,
0x00000000,0x00010000,0x00000000,0x00000000,0x00000000,0x00000000,0x00000000,0x00000000,0x00000000,0x00000000,0x00000000,0x00000000,
0x00000000,0x00000000,0x00010000,0x00000000,0x00000000,0x00000000,0x00000000,0x00000000,0x00000000,0x00000000,0x00000000,0x00000000,
0x00000000,0x00000000,0x00000000,0x00000000,0x00000000,0x00000000,0x00000000,0x00000000,0x00000000,0x00000000,0x00000000,0x00000000,
0x00010000,0x00000000,0x00000000,0x00000000,0x00000000,0x00000000,0x00000000,0x00000000,0x00000000,0x00000000,0x00000000,0x00000000,
0x00000000,0x00000000,0x00000000,0x00000000,0x00000000,0x00000000,0x00010000,0x00000000,0x00000000,0x00010000,0x00000000,0x00000000,
0x00000000,0x00000000,0x00000000,0x00000000,0x00000000,0x00000000,0x00000000,0x00000000,0x00000000,0x00000000,0x00000000,0x00000000,
0x00000000,0x00010000,0x00000000,0x00000000,0x00000000,0x00000000,0x00010000,0x00010000,0x00000000,0x00000000,0x00000000,0x00000000,
0x00000000,0x00000000,0x00000000,0x00000000,0x00000000,0x00000000,0x00000000,0x00000000,0x00010000,0x00000000,0x00000000,0x00000000,
0x00000000,0x00000000,0x00030203,0x00000000,0xFF4D3054,0xFFE08EF5,0xFFDE8EF3,0xFFD58AE9,0xFFDA8DEE,0xFFD98CED,0xFFD98DED,0xFFD98DED,
0xFFD98DED,0xFFD98DEE,0xFFD98EEE,0xFFDA8EEE,0xFFD78CEB,0xFFDA8CEE,0xFFEB99FF,0xFF70487B,0x00000000,0x00030203,0x00000000,0x00000000,
0x00000000,0x00010000,0x00000000,0x00000000,0x00000000,0x00000000,0x00010000,0x00000000,0x00000000,0x00000000,0x00000000,0x00000000,
0x00000000,0x00000000,0x00000000,0x00000000,0x00000000,0x00000000,0x00000000,0x00000000,0x00000000,0x00000000,0x00000000,0x00000000,
0x00000000,0x00000000,0x00000000,0x00000000,0x00000000,0x00000000,0x00000000,0x00000000,0x00000000,0x00000000,0x00000000,0x00000000,
0x00000000,0x00000000,0x00000000,0x00000000,0x00000000,0x00000000,0x00000000,0x00000000,0x00000000,0x00010000,0x00000000,0x00000000,
0x00000000,0x00000000,0x00000000,0x00010000,0x00000000,0x00000000,0x00000000,0x00000000,0x00000000,0x00010000,0x00000000,0x00000000,
0x00000000,0x00010000,0x00000000,0x00000000,0x00000000,0x00000000,0x00000000,0x00000000,0x00000000,0x00000000,0x00000000,0x00000000,
0x00000000,0x00000000,0x00000000,0x00000000,0x00000000,0x00000000,0x00000000,0x00000000,0x00000000,0x00000000,0x00000000,0x00000000,
0x00010000,0x00000000,0x00000000,0x00000000,0x00000000,0x00010000,0x00000000,0x00000000,0x00000000,0x00000000,0x00010000,0x00000000,
0x00000000,0x00000000,0x00000000,0x00000000,0x00000000,0x00000000,0x00000000,0x00000000,0x00000000,0x00000000,0x00000000,0x00000000,
0x00000000,0x00000000,0x00000000,0x00000000,0x00000000,0x00000000,0x00000000,0x00000000,0x00000000,0x00000000,0x00000000,0x00000000,
0x00000000,0x00000000,0x00000000,0x00000000,0x00000000,0x00000000,0x00000000,0x00000000,0x00000000,0x00000000,0x00000000,0x00000000,
0x00000000,0x00000000,0x00000000,0x00000000,0x00000000,0x00020203,0x00000000,0xFF402746,0xFFE190F7,0xFFDB8DF0,0xFFD589EA,0xFFD88CEE,
0xFFD88CEE,0xFFD78CED,0xFFD78CED,0xFFD78CEE,0xFFD78CED,0xFFD78CED,0xFFD88DEE,0xFFD88CED,0xFFD88DEE,0xFFD88CED,0xFFD78BEC,0xFFEA97FF,
0xFF633E6D,0x00000000,0x00030203,0x00000000,0x00000000,0x00010000,0x00000000,0x00000000,0x00010000,0x00000000,0x00000000,0x00000000,
0x00000000,0x00000000,0x00000000,0x00000000,0x00000000,0x00000000,0x00000000,0x00000000,0x00000000,0x00000000,0x00000000,0x00000000,
0x00000000,0x00000000,0x00000000,0x00000000,0x00010000,0x00000000,0x00000000,0x00000000,0x00000000,0x00000000,0x00000000,0x00000000,
0x00000000,0x00000000,0x00000000,0x00010000,0x00000000,0x00000000,0x00000000,0x00000000,0x00000000,0x00000000,0x00000000,0x00000000,
0x00000000,0x00000000,0x00000000,0x00000000,0x00000000,0x00000000,0x00000000,0x00000000,0x00000000,0x00010000,0x00000000,0x00000000,
0x00000000,0x00000000,0x00000000,0x00000000,0x00000000,0x00000000,0x00000000,0x00000000,0x00000000,0x00000000,0x00000000,0x00000000,
0x00000000,0x00000000,0x00000000,0x00000000,0x00000000,0x00000000,0x00000000,0x00000000,0x00000000,0x00000000,0x00000000,0x00000000,
0x00000000,0x00000000,0x00000000,0x00000000,0x00000000,0x00000000,0x00000000,0x00000000,0x00000000,0x00000000,0x00000000,0x00000000,
0x00000000,0x00000000,0x00000000,0x00000000,0x00000000,0x00000000,0x00000000,0x00000000,0x00000000,0x00000000,0x00000000,0x00000000,
0x00000000,0x00000000,0x00000000,0x00000000,0x00000000,0x00000000,0x00000000,0x00010000,0x00000000,0x00000000,0x00000000,0x00000000,
0x00000000,0x00000000,0x00010000,0x00000000,0x00000000,0x00000000,0x00000000,0x00000000,0x00000000,0x00000000,0x00000000,0x00000000,
0x00000000,0x00000000,0x00000000,0x00000000,0x00000000,0x00000000,0x00000000,0x00000000,0x00020102,0x00010001,0xFF1E1221,0xFFCF82E5,
0xFFDC8DF2,0xFFD58AEB,0xFFD68BED,0xFFD58BED,0xFFD58BED,0xFFD58BED,0xFFD58BED,0xFFD58BED,0xFFD58BEE,0xFFD58BED,0xFFD58BEE,0xFFD58BEE,
0xFFD68BED,0xFFD78CEE,0xFFD68BEC,0xFFD68BEC,0xFFE595FC,0xFF412B47,0x00000000,0x00030203,0x00000000,0x00000000,0x00000000,0x00010000,
0x00000000,0x00000000,0x00000000,0x00000000,0x00000000,0x00010000,0x00000000,0x00000000,0x00000000,0x00000000,0x00000000,0x00000000,
0x00000000,0x00000000,0x00000000,0x00000000,0x00000000,0x00000000,0x00000000,0x00000000,0x00000000,0x00000000,0x00000000,0x00000000,
0x00000000,0x00000000,0x00000000,0x00000000,0x00000000,0x00000000,0x00010000,0x00000000,0x00000000,0x00000000,0x00000000,0x00000000,
0x00000000,0x00000000,0x00000000,0x00000000,0x00000000,0x00000000,0x00000000,0x00000000,0x00000000,0x00000000,0x00000000,0x00000000,
0x00010000,0x00000000,0x00000000,0x00010000,0x00000000,0x00000000,0x00000000,0x00000000,0x00000000,0x00000000,0x00000000,0x00000000,
0x00000000,0x00000000,0x00000000,0x00000000,0x00000000,0x00000000,0x00000000,0x00000000,0x00000000,0x00000000,0x00000000,0x00000000,
0x00000000,0x00000000,0x00010000,0x00000000,0x00000000,0x00000000,0x00000000,0x00000000,0x00000000,0x00000000,0x00000000,0x00000000,
0x00000000,0x00000000,0x00000000,0x00010000,0x00000000,0x00000000,0x00000000,0x00010000,0x00000000,0x00000000,0x00000000,0x00000000,
0x00000000,0x00000000,0x00000000,0x00000000,0x00000000,0x00000000,0x00000000,0x00000000,0x00000000,0x00000000,0x00000000,0x00000000,
0x00000000,0x00000000,0x00000000,0x00000000,0x00000000,0x00000000,0x00010000,0x00000000,0x00000000,0x00000000,0x00000000,0x00000000,
0x00000000,0x00000000,0x00000000,0x00000000,0x00000000,0x00000000,0x00000000,0x00000000,0x00000000,0x00000000,0x00000000,0x00010000,
0x00020102,0x00010001,0xFF9F64B0,0xFFE492FB,0xFFD186E8,0xFFD589ED,0xFFD489EC,0xFFD389EC,0xFFD389EC,0xFFD389ED,0xFFD389ED,0xFFD289ED,
0xFFD389EE,0xFFD28AEE,0xFFD389ED,0xFFD289ED,0xFFD38AED,0xFFD48AED,0xFFD58AED,0xFFD48AEC,0xFFDE91F6,0xFFC580D9,0x000F0910,0x00020102,
0x00010101,0x00000000,0x00000000,0x00010000,0x00000000,0x00000000,0x00000000,0x00000000,0x00000000,0x00000000,0x00000000,0x00000000,
0x00000000,0x00000000,0x00000000,0x00000000,0x00000000,0x00000000,0x00010000,0x00000000,0x00000000,0x00000000,0x00000000,0x00000000,
0x00000000,0x00010000,0x00000000,0x00000000,0x00010000,0x00000000,0x00000000,0x00000000,0x00000000,0x00000000,0x00000000,0x00000000,
0x00010000,0x00000000,0x00000000,0x00000000,0x00000000,0x00000000,0x00000000,0x00000000,0x00000000,0x00000000,0x00000000,0x00010000,
0x00000000,0x00000000,0x00000000,0x00000000,0x00000000,0x00000000,0x00000000,0x00000000,0x00000000,0x00010000,0x00000000,0x00000000,
0x00000000,0x00000000,0x00000000,0x00000000,0x00010000,0x00010000,0x00000000,0x00000000,0x00000000,0x00000000,0x00000000,0x00000000,
0x00000000,0x00010000,0x00000000,0x00000000,0x00000000,0x00000000,0x00010000,0x00000000,0x00000000,0x00000000,0x00000000,0x00000000,
0x00000000,0x00000000,0x00000000,0x00000000,0x00000000,0x00000000,0x00000000,0x00000000,0x00000000,0x00000000,0x00000000,0x00000000,
0x00000000,0x00000000,0x00000000,0x00000000,0x00000000,0x00000000,0x00000000,0x00000000,0x00000000,0x00000000,0x00000000,0x00000000,
0x00000000,0x00000000,0x00010000,0x00000000,0x00000000,0x00000000,0x00000000,0x00000000,0x00000000,0x00000000,0x00000000,0x00000000,
0x00000000,0x00000000,0x00000000,0x00000000,0x00000000,0x00000000,0x00010000,0x00000000,0x00000000,0x00000000,0x00000000,0x00000000,
0x00000000,0x00000000,0x00000000,0x00030203,0x00000000,0xFF462A4F,0xFFE190FC,0xFFD288E9,0xFFD488ED,0xFFD287EC,0xFFD287EC,0xFFD187EC,
0xFFD088EC,0xFFD088EC,0xFFCF87EC,0xFFCF87EC,0xFFD088ED,0xFFD088ED,0xFFCF88EC,0xFFD088EC,0xFFD188EC,0xFFD289EC,0xFFD38AED,0xFFD48AEE,
0xFFD188E9,0xFFE493FF,0xFF764B83,0x00000000,0x00030203,0x00000000,0x00000000,0x00010000,0x00000000,0x00000000,0x00000000,0x00000000,
0x00000000,0x00000000,0x00000000,0x00000000,0x00000000,0x00000000,0x00000000,0x00000000,0x00000000,0x00000000,0x00000000,0x00000000,
0x00000000,0x00000000,0x00010000,0x00000000,0x00000000,0x00000000,0x00000000,0x00000000,0x00000000,0x00000000,0x00000000,0x00000000,
0x00000000,0x00000000,0x00000000,0x00000000,0x00000000,0x00000000,0x00000000,0x00000000,0x00000000,0x00000000,0x00000000,0x00000000,
0x00000000,0x00000000,0x00010000,0x00000000,0x00000000,0x00000000,0x00000000,0x00000000,0x00000000,0x00000000,0x00000000,0x00000000,
0x00000000,0x00000000,0x00000000,0x00000000,0x00000000,0x00000000,0x00000000,0x00000000,0x00000000,0x00000000,0x00000000,0x00000000,
0x00000000,0x00000000,0x00000000,0x00000000,0x00000000,0x00000000,0x00000000,0x00000000,0x00000000,0x00000000,0x00000000,0x00000000,
0x00000000,0x00000000,0x00000000,0x00000000,0x00000000,0x00000000,0x00000000,0x00000000,0x00000000,0x00000000,0x00000000,0x00000000,
0x00000000,0x00000000,0x00000000,0x00000000,0x00000000,0x00000000,0x00000000,0x00000000,0x00000000,0x00010000,0x00010000,0x00000000,
0x00000000,0x00000000,0x00000000,0x00000000,0x00000000,0x00010000,0x00000000,0x00000000,0x00000000,0x00000000,0x00000000,0x00000000,
0x00000000,0x00000000,0x00000000,0x00000000,0x00000000,0x00000000,0x00000000,0x00000000,0x00000000,0x00000000,0x00000000,0x00000000,
0x00000000,0x00000000,0x00000000,0x00000000,0x00000000,0x00000000,0x00010000,0x00010101,0x00030103,0xFFA969C0,0xFFDB8CF7,0xFFD086EA,
0xFFD188EC,0xFFD087EC,0xFFCF86EC,0xFFCE86EC,0xFFCD86EC,0xFFCC86EC,0xFFCC85EC,0xFFCC86EC,0xFFCD87ED,0xFFCC87EC,0xFFCC87EC,0xFFCD86EC,
0xFFCD87EC,0xFFCE87EC,0xFFD088ED,0xFFD188EC,0xFFD188EC,0xFFD58BF0,0xFFD089E8,0xFF1B121E,0x00000000,0x00020102,0x00000000,0x00000000,
0x00000000,0x00000000,0x00010000,0x00000000,0x00000000,0x00000000,0x00000000,0x00000000,0x00000000,0x00000000,0x00010000,0x00000000,
0x00000000,0x00000000,0x00000000,0x00000000,0x00000000,0x00000000,0x00000000,0x00000000,0x00000000,0x00000000,0x00000000,0x00000000,
0x00000000,0x00010000,0x00000000,0x00000000,0x00000000,0x00000000,0x00000000,0x00000000,0x00000000,0x00000000,0x00000000,0x00000000,
0x00000000,0x00000000,0x00000000,0x00000000,0x00000000,0x00000000,0x00000000,0x00000000,0x00000000,0x00000000,0x00000000,0x00000000,
0x00000000,0x00000000,0x00000000,0x00000000,0x00000000,0x00000000,0x00000000,0x00000000,0x00000000,0x00000000,0x00000000,0x00000000,
0x00000000,0x00000000,0x00000000,0x00000000,0x00000000,0x00000000,0x00000000,0x00000000,0x00000000,0x00000000,0x00000000,0x00000000,
0x00000000,0x00000000,0x00000000,0x00000000,0x00000000,0x00000000,0x00000000,0x00000000,0x00000000,0x00000000,0x00000000,0x00000000,
0x00000000,0x00000000,0x00000000,0x00000000,0x00000000,0x00000000,0x00000000,0x00000000,0x00000000,0x00000000,0x00000000,0x00000000,
0x00000000,0x00000000,0x00010000,0x00000000,0x00000000,0x00000000,0x00000000,0x00000000,0x00000000,0x00000000,0x00000000,0x00000000,
0x00000000,0x00000000,0x00000000,0x00000000,0x00000000,0x00000000,0x00000000,0x00000000,0x00000000,0x00000000,0x00000000,0x00000000,
0x00000000,0x00000000,0x00000000,0x00000000,0x00000000,0x00000000,0x00000000,0x00000000,0x00000000,0x00000000,0x00030203,0x00000000,
0xFF36213E,0xFFDA8CF7,0xFFCF85EA,0xFFCF85EC,0xFFCF86EC,0xFFCE86EC,0xFFCD85EC,0xFFCB85EC,0xFFCA85EB,0xFFC984EB,0xFFC884EB,0xFFC985EB,
0xFFC986EB,0xFFC986EC,0xFFCA86EC,0xFFCA86EC,0xFFCA85EB,0xFFCB86EC,0xFFCD87EC,0xFFCE88EC,0xFFD088ED,0xFFCE87EA,0xFFE293FF,0xFF684276,
0x00000000,0x00040204,0x00000000,0x00000000,0x00010100,0x00000000,0x00000000,0x00000000,0x00000000,0x00000000,0x00000000,0x00000000,
0x00000000,0x00000000,0x00000000,0x00000000,0x00000000,0x00000000,0x00000000,0x00000000,0x00000000,0x00000000,0x00000000,0x00000000,
0x00000000,0x00000000,0x00000000,0x00010000,0x00000000,0x00000000,0x00000000,0x00000000,0x00000000,0x00000000,0x00000000,0x00000000,
0x00000000,0x00000000,0x00000000,0x00000000,0x00000000,0x00000000,0x00000000,0x00000000,0x00000000,0x00000000,0x00000000,0x00000000,
0x00000000,0x00000000,0x00000000,0x00000000,0x00000000,0x00000000,0x00000000,0x00000000,0x00000000,0x00000000,0x00010000,0x00000000,
0x00000000,0x00000000,0x00000000,0x00000000,0x00000000,0x00000000,0x00000000,0x00000000,0x00000000,0x00000000,0x00000000,0x00000000,
0x00000000,0x00000000,0x00000000,0x00000000,0x00000000,0x00000000,0x00000000,0x00000000,0x00000000,0x00000000,0x00000000,0x00000000,
0x00000000,0x00000000,0x00000000,0x00000000,0x00010000,0x00000000,0x00000000,0x00000000,0x00000000,0x00000000,0x00000000,0x00000000,
0x00000000,0x00000000,0x00000000,0x00000000,0x00000000,0x00000000,0x00000000,0x00000000,0x00000000,0x00000000,0x00000000,0x00000000,
0x00000000,0x00000000,0x00000000,0x00000000,0x00000000,0x00000000,0x00010000,0x00000000,0x00000000,0x00000000,0x00000000,0x00000000,
0x00000000,0x00000000,0x00000000,0x00000000,0x00000000,0x00000000,0x00000000,0x00000000,0x00000000,0x00000000,0x00000000,0x00010000,
0x00000000,0x00000000,0x00030203,0x00000000,0xFF7B4D8D,0xFFDE8FFE,0xFFCC84E9,0xFFCE85EC,0xFFCC85EC,0xFFCB85EC,0xFFCA84EC,0xFFC983EC,
0xFFC783EB,0xFFC682EB,0xFFC582EB,0xFFC583EA,0xFFC684EB,0xFFC785EC,0xFFC784EC,0xFFC784EC,0xFFC884EC,0xFFC885EB,0xFFC985EC,0xFFCB86EC,
0xFFCD87ED,0xFFCD87EB,0xFFD88CF7,0xFFAB6FC3,0x00030203,0x00010101,0x00010001,0x00000000,0x00000000,0x00000000,0x00000000,0x00000000,
0x00000000,0x00000000,0x00000000,0x00000000,0x00000000,0x00000000,0x00000000,0x00000000,0x00000000,0x00000000,0x00000000,0x00000000,
0x00000000,0x00000000,0x00000000,0x00000000,0x00000000,0x00000000,0x00000000,0x00000000,0x00000000,0x00000000,0x00000000,0x00000000,
0x00000000,0x00000000,0x00000000,0x00000000,0x00000000,0x00000000,0x00000000,0x00000000,0x00000000,0x00000000,0x00000000,0x00000000,
0x00000000,0x00000000,0x00000000,0x00010000,0x00000000,0x00000000,0x00000000,0x00000000,0x00000000,0x00000000,0x00000000,0x00000000,
0x00010000,0x00000000,0x00000000,0x00000000,0x00000000,0x00000000,0x00000000,0x00000000,0x00010000,0x00000000,0x00000000,0x00000000,
0x00000000,0x00000000,0x00000000,0x00000000,0x00000000,0x00000000,0x00000000,0x00000000,0x00000000,0x00000000,0x00000000,0x00000000,
0x00000000,0x00000000,0x00000000,0x00000000,0x00010000,0x00000000,0x00000000,0x00000000,0x00000000,0x00000000,0x00000000,0x00000000,
0x00000000,0x00000000,0x00000000,0x00000000,0x00000000,0x00000000,0x00000000,0x00000000,0x00000000,0x00000000,0x00000000,0x00000000,
0x00000000,0x00000000,0x00000000,0x00000000,0x00000000,0x00000000,0x00000000,0x00000000,0x00000000,0x00000000,0x00000000,0x00000000,
0x00000000,0x00000000,0x00000000,0x00000000,0x00000000,0x00000000,0x00000000,0x00000000,0x00000000,0x00000000,0x00000000,0x00000000,
0x00000000,0x00000000,0x00000000,0x00000000,0x00000000,0x00010001,0x00010000,0x00040204,0xFFAE70C9,0xFFD68BF6,0xFFCB84EA,0xFFCB85EC,
0xFFCA84EB,0xFFC984EC,0xFFC782EB,0xFFC682EB,0xFFC482EA,0xFFC382EB,0xFFC281EA,0xFFC282EA,0xFFC382EB,0xFFC382EC,0xFFC483EC,0xFFC483EC,
0xFFC483EB,0xFFC584EB,0xFFC684EB,0xFFC885EB,0xFFCA86EC,0xFFCC86EC,0xFFCF88EE,0xFFCD88EB,0xFF1E1422,0x00000000,0x00020102,0x00000000,
0x00000000,0x00000000,0x00000000,0x00000000,0x00000000,0x00000000,0x00000000,0x00010000,0x00000000,0x00000000,0x00000000,0x00000000,
0x00000000,0x00000000,0x00000000,0x00000000,0x00000000,0x00000000,0x00010000,0x00000000,0x00000000,0x00000000,0x00000000,0x00000000,
0x00000000,0x00000000,0x00000000,0x00000000,0x00000000,0x00000000,0x00000000,0x00000000,0x00010000,0x00000000,0x00000000,0x00000000,
0x00000000,0x00000000,0x00000000,0x00000000,0x00000000,0x00000000,0x00000000,0x00000000,0x00000000,0x00000000,0x00000000,0x00000000,
0x00000000,0x00000000,0x00000000,0x00000000,0x00000000,0x00000000,0x00000000,0x00000000,0x00000000,0x00000000,0x00000000,0x00000000,
0x00000000,0x00000000,0x00000000,0x00000000,0x00000000,0x00000000,0x00000000,0x00000000,0x00000000,0x00000000,0x00000000,0x00000000,
0x00000000,0x00000000,0x00000000,0x00000000,0x00000000,0x00000000,0x00000000,0x00000000,0x00010000,0x00000000,0x00000000,0x00000000,
0x00000000,0x00000000,0x00000000,0x00000000,0x00000000,0x00010000,0x00000000,0x00000000,0x00000000,0x00000000,0x00000000,0x00000000,
0x00000000,0x00000000,0x00000000,0x00000000,0x00000000,0x00000000,0x00010000,0x00000000,0x00000000,0x00000000,0x00000000,0x00000000,
0x00000000,0x00000000,0x00000000,0x00000000,0x00000000,0x00000000,0x00000000,0x00000000,0x00000000,0x00000000,0x00000000,0x00000000,
0x00000000,0x00000000,0x00000000,0x00000000,0x00000000,0x00000000,0x00000000,0x00000000,0x00000000,0x00020102,0x00000000,0xFF1A101E,
0xFFC782E8,0xFFCD86EE,0xFFC983EB,0xFFC984EC,0xFFC883EC,0xFFC682EC,0xFFC481EB,0xFFC381EB,0xFFC181EB,0xFFC080EA,0xFFBF80EA,0xFFBF80EA,
0xFFBF80EA,0xFFC080EB,0xFFC080EB,0xFFC181EC,0xFFC181EB,0xFFC383EB,0xFFC483EB,0xFFC584EB,0xFFC785EC,0xFFC985EC,0xFFC984EA,0xFFD58CF8,
0xFF3D2846,0x00000000,0x00030203,0x00000000,0x00000000,0x00000000,0x00000000,0x00000000,0x00000000,0x00000000,0x00000000,0x00000000,
0x00000000,0x00000000,0x00000000,0x00000000,0x00000000,0x00000000,0x00000000,0x00000000,0x00000000,0x00000000,0x00000000,0x00000000,
0x00000000,0x00000000,0x00000000,0x00000000,0x00000000,0x00000000,0x00000000,0x00000000,0x00000000,0x00000000,0x00000000,0x00000000,
0x00000000,0x00000000,0x00000000,0x00000000,0x00000000,0x00000000,0x00000000,0x00000000,0x00000000,0x00000000,0x00000000,0x00000000,
0x00000000,0x00000000,0x00000000,0x00000000,0x00000000,0x00010000,0x00000000,0x00000000,0x00000000,0x00000000,0x00010000,0x00000000,
0x00000000,0x00000000,0x00000000,0x00000000,0x00000000,0x00000000,0x00010000,0x00000000,0x00000000,0x00000000,0x00000000,0x00000000,
0x00000000,0x00000000,0x00000000,0x00000000,0x00000000,0x00000000,0x00010000,0x00000000,0x00000000,0x00000000,0x00000000,0x00000000,
0x00000000,0x00000000,0x00000000,0x00000000,0x00000000,0x00000000,0x00000000,0x00000000,0x00000000,0x00000000,0x00000000,0x00000000,
0x00000000,0x00000000,0x00000000,0x00000000,0x00000000,0x00000000,0x00000000,0x00010000,0x00000000,0x00000000,0x00000000,0x00000000,
0x00000000,0x00000000,0x00000000,0x00000000,0x00000000,0x00000000,0x00000000,0x00000000,0x00000000,0x00000000,0x00000000,0x00000000,
0x00000000,0x00000000,0x00000000,0x00000000,0x00000000,0x00000000,0x00000000,0x00000000,0x00000000,0x00000000,0x00000000,0x00000000,
0x00000000,0x00020103,0x00000000,0xFF2E1D37,0xFFCE86F3,0xFFC882EB,0xFFC882EB,0xFFC682EC,0xFFC482EC,0xFFC381EC,0xFFC280EB,0xFFC07FEA,
0xFFBE7EEA,0xFFBD7EEA,0xFFBC7DE9,0xFFBB7DE9,0xFFBC7EEA,0xFFBC7EEB,0xFFBC7EEA,0xFFBD7FEB,0xFFBE80EB,0xFFBF81EB,0xFFC282EC,0xFFC383EC,
0xFFC483EB,0xFFC583EB,0xFFC481E8,0xFFD78FFD,0xFF553962,0x00000000,0x00030204,0x00000000,0x00000000,0x00000000,0x00000000,0x00000000,
0x00000000,0x00000000,0x00000000,0x00000000,0x00000000,0x00000000,0x00000000,0x00000000,0x00010000,0x00000000,0x00000000,0x00000000,
0x00000000,0x00000000,0x00000000,0x00000000,0x00000000,0x00000000,0x00000000,0x00000000,0x00000000,0x00000000,0x00000000,0x00000000,
0x00000000,0x00000000,0x00010000,0x00000000,0x00000000,0x00000000,0x00000000,0x00000000,0x00000000,0x00000000,0x00000000,0x00000000,
0x00000000,0x00000000,0x00000000,0x00010000,0x00000000,0x00000000,0x00000000,0x00000000,0x00000000,0x00000000,0x00000000,0x00000000,
0x00000000,0x00000000,0x00000000,0x00000000,0x00000000,0x00000000,0x00000000,0x00000000,0x00000000,0x00010000,0x00010000,0x00000000,
0x00000000,0x00000000,0x00000000,0x00000000,0x00000000,0x00000000,0x00000000,0x00000000,0x00000000,0x00000000,0x00000000,0x00000000,
0x00000000,0x00000000,0x00000000,0x00000000,0x00000000,0x00000000,0x00000000,0x00000000,0x00000000,0x00000000,0x00000000,0x00010000,
0x00000000,0x00000000,0x00000000,0x00010000,0x00000000,0x00000000,0x00000000,0x00000000,0x00000000,0x00000000,0x00000000,0x00000000,
0x00000000,0x00000000,0x00000000,0x00000000,0x00000000,0x00000000,0x00000000,0x00000000,0x00000000,0x00000000,0x00000000,0x00000000,
0x00000000,0x00000000,0x00000000,0x00000000,0x00000000,0x00000000,0x00000000,0x00000000,0x00000000,0x00000000,0x00000000,0x00000000,
0x00000000,0x00000000,0x00000000,0x00000000,0x00000000,0x00030203,0x00000000,0xFF3A2446,0xFFD289F8,0xFFC782EB,0xFFC581EB,0xFFC380EB,
0xFFC280EC,0xFFC180EC,0xFFBF7FEB,0xFFBC7DEA,0xFFBB7CEA,0xFFB97CEA,0xFFB77BE9,0xFFB77BEA,0xFFB87BEA,0xFFB87CEA,0xFFB87CEA,0xFFBA7DEA,
0xFFBB7DEB,0xFFBC7FEB,0xFFBE80EB,0xFFC081EC,0xFFC181EB,0xFFC382EB,0xFFC280E8,0xFFD58DFD,0xFF5E3E6E,0x00000000,0x00030204,0x00000000,
0x00000000,0x00010000,0x00000000,0x00000000,0x00000000,0x00000000,0x00000000,0x00000000,0x00000000,0x00000000,0x00000000,0x00010000,
0x00000000,0x00010000,0x00000000,0x00000000,0x00000000,0x00000000,0x00000000,0x00000000,0x00000000,0x00000000,0x00000000,0x00000000,
0x00000000,0x00000000,0x00000000,0x00000000,0x00000000,0x00000000,0x00000000,0x00000000,0x00000000,0x00010000,0x00000000,0x00000000,
0x00000000,0x00000000,0x00000000,0x00010000,0x00000000,0x00000000,0x00000000,0x00000000,0x00000000,0x00000000,0x00000000,0x00000000,
0x00000000,0x00000000,0x00000000,0x00000000,0x00000000,0x00000000,0x00000000,0x00000000,0x00000000,0x00000000,0x00000000,0x00000000,
0x00000000,0x00000000,0x00000000,0x00000000,0x00000000,0x00000000,0x00000000,0x00010000,0x00000000,0x00000000,0x00000000,0x00000000,
0x00000000,0x00000000,0x00000000,0x00000000,0x00000000,0x00000000,0x00000000,0x00000000,0x00000000,0x00000000,0x00000000,0x00000000,
0x00000000,0x00000000,0x00000000,0x00000000,0x00000000,0x00000000,0x00000000,0x00000000,0x00000000,0x00000000,0x00000000,0x00000000,
0x00000000,0x00000000,0x00000000,0x00000000,0x00010000,0x00000000,0x00000000,0x00000000,0x00000000,0x00000000,0x00000000,0x00000000,
0x00000000,0x00000000,0x00000000,0x00000000,0x00000000,0x00000000,0x00000000,0x00000000,0x00000000,0x00000000,0x00010001,0x00020102,
0x00030203,0x00030204,0x00040204,0x00030204,0x00030204,0x00020103,0x00010101,0x00000000,0x00000000,0x00030203,0x00000000,0xFF3B2546,
0xFFD089F8,0xFFC380E9,0xFFC380EA,0xFFC180EB,0xFFC07FEC,0xFFBE7FEC,0xFFBC7EEB,0xFFBA7DEB,0xFFB77BEA,0xFFB67BEA,0xFFB57AEA,0xFFB47AEA,
0xFFB57AEA,0xFFB57AE9,0xFFB57AE9,0xFFB67BEA,0xFFB87CEA,0xFFB97DEA,0xFFBB7DEA,0xFFBC7EEA,0xFFBF80EB,0xFFC181EB,0xFFBF7FE8,0xFFD18AFC,
0xFF5C3C6D,0x00000000,0x00030204,0x00000000,0x00000000,0x00010001,0x00020102,0x00030203,0x00030204,0x00040204,0x00030204,0x00030204,
0x00030203,0x00020102,0x00010000,0x00000000,0x00000000,0x00010000,0x00000000,0x00010000,0x00000000,0x00000000,0x00000000,0x00000000,
0x00000000,0x00000000,0x00000000,0x00000000,0x00000000,0x00000000,0x00000000,0x00000000,0x00000000,0x00000000,0x00000000,0x00000000,
0x00010000,0x00000000,0x00000000,0x00000000,0x00000000,0x00000000,0x00000000,0x00000000,0x00000000,0x00000000,0x00000000,0x00000000,
0x00000000,0x00000000,0x00000000,0x00000000,0x00000000,0x00000000,0x00000000,0x00000000,0x00000000,0x00000000,0x00000000,0x00010000,
0x00000000,0x00000000,0x00000000,0x00000000,0x00000000,0x00000000,0x00000000,0x00000000,0x00000000,0x00000000,0x00000000,0x00010000,
0x00000000,0x00010000,0x00000000,0x00000000,0x00000000,0x00000000,0x00000000,0x00000000,0x00000000,0x00000000,0x00000000,0x00000000,
0x00000000,0x00000000,0x00000000,0x00000000,0x00000000,0x00000000,0x00000000,0x00000000,0x00000000,0x00000000,0x00000000,0x00000000,
0x00000000,0x00000000,0x00000000,0x00000000,0x00000000,0x00000000,0x00000000,0x00000000,0x00000000,0x00000000,0x00000000,0x00000000,
0x00000000,0x00000000,0x00000000,0x00000000,0x00000000,0x00000000,0x00000000,0x00000000,0x00000000,0x00000000,0x00000000,0x00000000,
0x00020102,0x00030203,0x00000000,0x00000000,0x00000000,0x00000000,0x00000000,0x00000000,0x00000000,0x00000000,0x00000000,0x00020102,
0x00020103,0x00020103,0x00000000,0xFF2B1B34,0xFFC781F2,0xFFC380EB,0xFFC180EB,0xFFBF7FEB,0xFFBD7EEC,0xFFBB7DEB,0xFFB87CEB,0xFFB77CEB,
0xFFB57BEA,0xFFB47AEA,0xFFB379EA,0xFFB278EA,0xFFB278EA,0xFFB279E9,0xFFB379E9,0xFFB47AEA,0xFFB67BEA,0xFFB77BEA,0xFFB87CEA,0xFFBA7CEA,
0xFFBC7EEB,0xFFBE7FEC,0xFFBE7FE8,0xFFCD88FB,0xFF4F335F,0x00000000,0x00030203,0x00010102,0x00030203,0x00000000,0x00000000,0x00000000,
0x00000000,0x00000000,0x00000000,0x00000000,0x00000000,0x00000000,0x00000000,0x00030204,0x00010102,0x00000000,0x00000000,0x00000000,
0x00000000,0x00000000,0x00000000,0x00000000,0x00000000,0x00000000,0x00000000,0x00000000,0x00000000,0x00000000,0x00000000,0x00000000,
0x00000000,0x00000000,0x00000000,0x00000000,0x00000000,0x00000000,0x00000000,0x00000000,0x00000000,0x00000000,0x00000000,0x00000000,
0x00000000,0x00000000,0x00000000,0x00000000,0x00000000,0x00000000,0x00000000,0x00010000,0x00000000,0x00000000,0x00000000,0x00010000,
0x00000000,0x00000000,0x00000000,0x00010000,0x00000000,0x00000000,0x00000000,0x00000000,0x00000000,0x00010000,0x00000000,0x00000000,
0x00000000,0x00000000,0x00000000,0x00000000,0x00000000,0x00010000,0x00000000,0x00000000,0x00000000,0x00000000,0x00000000,0x00000000,
0x00000000,0x00000000,0x00000000,0x00000000,0x00000000,0x00000000,0x00000000,0x00000000,0x00000000,0x00000000,0x00000000,0x00010000,
0x00000000,0x00000000,0x00000000,0x00000000,0x00000000,0x00000000,0x00000000,0x00000000,0x00000000,0x00000000,0x00000000,0x00010000,
0x00000000,0x00000000,0x00000000,0x00000000,0x00000000,0x00000000,0x00000000,0x00000000,0x00000000,0x00000000,0x00000000,0x00000000,
0x00000000,0x00000000,0x00020103,0x00010101,0x00000000,0x00000000,0x00060307,0xFF28192E,0xFF493055,0xFF5E3C70,0xFF69457B,0xFF644277,
0xFF513562,0xFF33203E,0x00100A14,0x00000000,0x00000000,0x00020102,0x00020103,0xFF160E1A,0xFFBD7EE5,0xFFC482EF,0xFFBF7FEB,0xFFBD7EEB,
0xFFBA7CEB,0xFFB87BEB,0xFFB67AEB,0xFFB479EA,0xFFB379EA,0xFFB279EA,0xFFB078E9,0xFFAF77E9,0xFFAF77E9,0xFFB078E9,0xFFB078E9,0xFFB27AEA,
0xFFB37AEA,0xFFB47AEA,0xFFB57AEA,0xFFB77CEA,0xFFB97DEB,0xFFBB7DEA,0xFFBC7EE9,0xFFC888F7,0xFF382643,0x00010101,0x00050406,0x00000000,
0x00000000,0x00040204,0xFF27182C,0xFF492F53,0xFF613E70,0xFF6B447A,0xFF694377,0xFF5C3C67,0xFF402948,0xFF1C111F,0x00000000,0x00000000,
0x00000000,0x00030203,0x00010101,0x00000000,0x00010000,0x00000000,0x00000000,0x00000000,0x00000000,0x00010000,0x00000000,0x00000000,
0x00000000,0x00000000,0x00000000,0x00000000,0x00000000,0x00000000,0x00000000,0x00000000,0x00000000,0x00000000,0x00000000,0x00000000,
0x00000000,0x00000000,0x00000000,0x00000000,0x00000000,0x00000000,0x00000000,0x00000000,0x00000000,0x00000000,0x00000000,0x00000000,
0x00000000,0x00000000,0x00000000,0x00000000,0x00000000,0x00000000,0x00000000,0x00000000,0x00000000,0x00000000,0x00000000,0x00000000,
0x00000000,0x00000000,0x00000000,0x00000000,0x00000000,0x00000000,0x00000000,0x00000000,0x00000000,0x00000000,0x00000000,0x00000000,
0x00000000,0x00000000,0x00000000,0x00000000,0x00000000,0x00000000,0x00000000,0x00000000,0x00000000,0x00000000,0x00000000,0x00000000,
0x00000000,0x00000000,0x00000000,0x00000000,0x00000000,0x00010000,0x00000000,0x00000000,0x00000000,0x00000000,0x00010000,0x00000000,
0x00000000,0x00000000,0x00010000,0x00000000,0x00000000,0x00000000,0x00000000,0x00000000,0x00000000,0x00000000,0x00000000,0x00000000,
0x00000000,0x00000000,0x00000000,0x00000000,0x00010101,0x00020102,0x00000000,0x00000000,0xFF321F39,0xFF7E5090,0xFFB372D0,0xFFCD82EF,
0xFFD98EFC,0xFFD78BFD,0xFFD488FD,0xFFD389FD,0xFFD086FB,0xFFC982F5,0xFFB474DF,0xFF8153A4,0xFF3A254B,0x00010100,0x00000000,0x00040305,
0xFFA06AC3,0xFFC784F5,0xFFBC7CEA,0xFFBB7CEB,0xFFB87BEB,0xFFB579EA,0xFFB379EA,0xFFB278EA,0xFFB078EA,0xFFAF77EA,0xFFAE76EA,0xFFAD76E9,
0xFFAD76E9,0xFFAD77EA,0xFFAE78EA,0xFFAF79EB,0xFFB079EA,0xFFB178EA,0xFFB379EA,0xFFB57BEA,0xFFB77CEA,0xFFB87CEA,0xFFBD80EF,0xFFB77EE6,
0xFF17101E,0x00000000,0x00000000,0xFF211528,0xFF6D4782,0xFFAB70CA,0xFFCB87EE,0xFFD68BF9,0xFFDA8BFB,0xFFDC8CFB,0xFFDF90FD,0xFFE091FC,
0xFFDC8CF8,0xFFCF83E8,0xFFAB6FBF,0xFF664071,0xFF1B121E,0x00000000,0x00000000,0x00030203,0x00000000,0x00000000,0x00000000,0x00000000,
0x00000000,0x00000000,0x00000000,0x00000000,0x00000000,0x00000000,0x00000000,0x00000000,0x00000000,0x00000000,0x00000000,0x00000000,
0x00000000,0x00000000,0x00000000,0x00000000,0x00000000,0x00000000,0x00000000,0x00000000,0x00000000,0x00000000,0x00010000,0x00000000,
0x00000000,0x00000000,0x00000000,0x00000000,0x00000000,0x00000000,0x00000000,0x00000000,0x00000000,0x00000000,0x00010000,0x00000000,
0x00000000,0x00000000,0x00000000,0x00010000,0x00000000,0x00000000,0x00000000,0x00000000,0x00000000,0x00000000,0x00000000,0x00000000,
0x00000000,0x00000000,0x00000000,0x00000000,0x00000000,0x00000000,0x00000000,0x00000000,0x00000000,0x00000000,0x00000000,0x00000000,
0x00000000,0x00000000,0x00000000,0x00000000,0x00000000,0x00000000,0x00000000,0x00000000,0x00000000,0x00000000,0x00010000,0x00000000,
0x00000000,0x00000000,0x00000000,0x00000000,0x00000000,0x00000000,0x00000000,0x00000000,0x00010000,0x00000000,0x00000000,0x00000000,
0x00000000,0x00000000,0x00000000,0x00000000,0x00000000,0x00000000,0x00000000,0x00020102,0x00000000,0x00000000,0xFF39233F,0xFF9F65B4,
0xFFD589F5,0xFFDB8DFD,0xFFD389F5,0xFFCB84ED,0xFFC781EA,0xFFC581E9,0xFFC37EE9,0xFFC17DE8,0xFFBF7DE8,0xFFBF7EEB,0xFFC280F0,0xFFC582F8,
0xFFC381F7,0xFF9160BD,0xFF332144,0x00000000,0xFF6A4484,0xFFCC86FE,0xFFB779E7,0xFFB97BEB,0xFFB579EA,0xFFB378EA,0xFFB078E9,0xFFAF77EA,
0xFFAD76EA,0xFFAC75EA,0xFFAB74EA,0xFFAA74E9,0xFFAA75E9,0xFFAA75EA,0xFFAB76EA,0xFFAC77EA,0xFFAE77EA,0xFFAF77EA,0xFFB078EA,0xFFB279EA,
0xFFB47AEA,0xFFB57BE9,0xFFC386F8,0xFF9869C0,0x00000000,0xFF150D19,0xFF784E93,0xFFBE7DE9,0xFFD08AFB,0xFFCB86F3,0xFFC783EC,0xFFC781E8,
0xFFC982E7,0xFFCB84E8,0xFFCC85E9,0xFFCD85E8,0xFFD086EA,0xFFD68AEF,0xFFDE8EF7,0xFFE593FD,0xFFD28BE7,0xFF7F508C,0xFF160E19,0x00000000,
0x00030203,0x00010000,0x00000000,0x00000000,0x00000000,0x00000000,0x00000000,0x00000000,0x00000000,0x00000000,0x00010000,0x00000000,
0x00010000,0x00000000,0x00010000,0x00010000,0x00000000,0x00000000,0x00000000,0x00000000,0x00010000,0x00000000,0x00000000,0x00000000,
0x00000000,0x00010000,0x00000000,0x00000000,0x00000000,0x00000000,0x00000000,0x00000000,0x00000000,0x00000000,0x00010000,0x00000000,
0x00000000,0x00000000,0x00000000,0x00000000,0x00000000,0x00000000,0x00000000,0x00000000,0x00010000,0x00000000,0x00000000,0x00000000,
0x00000000,0x00000000,0x00000000,0x00000000,0x00000000,0x00000000,0x00000000,0x00010000,0x00000000,0x00000000,0x00000000,0x00000000,
0x00000000,0x00000000,0x00000000,0x00000000,0x00000000,0x00000000,0x00000000,0x00000000,0x00000000,0x00000000,0x00010000,0x00000000,
0x00000000,0x00000000,0x00000000,0x00000000,0x00000000,0x00000000,0x00000000,0x00000000,0x00000000,0x00000000,0x00000000,0x00000000,
0x00010000,0x00000000,0x00000000,0x00000000,0x00000000,0x00000000,0x00000000,0x00000000,0x00000000,0x00000000,0x00030203,0x00000000,
0x00100A11,0xFF885698,0xFFDB8BF8,0xFFDD8EFB,0xFFD087ED,0xFFCB83EA,0xFFCC85ED,0xFFCB85EE,0xFFC883ED,0xFFC682EC,0xFFC582EC,0xFFC382EC,
0xFFC181EC,0xFFBE7FEC,0xFFBB7DEB,0xFFB77AE8,0xFFB67AE9,0xFFBE7EF6,0xFFBF7FFA,0xFF644585,0xFF2A1A36,0xFFBB7AEB,0xFFB97CEC,0xFFB67AEA,
0xFFB378EA,0xFFB077E9,0xFFAE76E9,0xFFAC76EA,0xFFAA75E9,0xFFA974E9,0xFFA773EA,0xFFA673E9,0xFFA673E9,0xFFA773EA,0xFFA874EA,0xFFAA75EA,
0xFFAB75EA,0xFFAC76E9,0xFFAE77E9,0xFFB078E9,0xFFB279EB,0xFFB179E7,0xFFC484FF,0xFF4A3160,0xFF352441,0xFFB477E0,0xFFCA86FB,0xFFC07FEB,
0xFFBF7EE7,0xFFC280E9,0xFFC582EB,0xFFC883EB,0xFFCA84EB,0xFFCC86EC,0xFFCD86EC,0xFFCF87EC,0xFFD188ED,0xFFD289EC,0xFFD288EB,0xFFD389EA,
0xFFD98DF0,0xFFE995FF,0xFFCF89E2,0xFF4F3357,0x00000000,0x00020101,0x00010001,0x00000000,0x00000000,0x00010000,0x00000000,0x00000000,
0x00000000,0x00000000,0x00000000,0x00000000,0x00000000,0x00000000,0x00000000,0x00000000,0x00000000,0x00000000,0x00000000,0x00000000,
0x00000000,0x00000000,0x00000000,0x00000000,0x00000000,0x00000000,0x00000000,0x00010000,0x00000000,0x00000000,0x00000000,0x00000000,
0x00000000,0x00000000,0x00000000,0x00000000,0x00000000,0x00000000,0x00000000,0x00000000,0x00000000,0x00000000,0x00000000,0x00000000,
0x00000000,0x00000000,0x00000000,0x00000000,0x00000000,0x00000000,0x00000000,0x00010000,0x00000000,0x00000000,0x00000000,0x00000000,
0x00000000,0x00010000,0x00000000,0x00000000,0x00000000,0x00000000,0x00000000,0x00000000,0x00000000,0x00000000,0x00000000,0x00000000,
0x00000000,0x00000000,0x00000000,0x00000000,0x00000000,0x00000000,0x00000000,0x00000000,0x00000000,0x00000000,0x00000000,0x00000000,
0x00000000,0x00000000,0x00000000,0x00000000,0x00000000,0x00000000,0x00000000,0x00000000,0x00000000,0x00000000,0x00000000,0x00000000,
0x00000000,0x00030204,0x00000000,0xFF301D36,0xFFBE78D5,0xFFE493FF,0xFFD186EC,0xFFD086EB,0xFFD187EE,0xFFCE86EE,0xFFCC85ED,0xFFCA85EE,
0xFFC883ED,0xFFC582EC,0xFFC382EC,0xFFC181ED,0xFFBE80ED,0xFFBC7FEC,0xFFBA7DEC,0xFFB87CEC,0xFFB67BEC,0xFFB278E9,0xFFB37AEB,0xFFBF82FF,
0xFF8359B4,0xFF9B68C8,0xFFBC7FF2,0xFFB378E9,0xFFB177EA,0xFFAE75E9,0xFFAB75E9,0xFFA974E9,0xFFA773E9,0xFFA572E9,0xFFA471E9,0xFFA573EA,
0xFFA572EA,0xFFA572E9,0xFFA571E9,0xFFA673E9,0xFFA774EA,0xFFA975E9,0xFFAB75E9,0xFFAD76EA,0xFFAE77EA,0xFFB47CF0,0xFFA470D9,0xFF644183,
0xFFBD7EEE,0xFFC182F1,0xFFB87BE6,0xFFBE7EEA,0xFFC080EB,0xFFC181EB,0xFFC481EB,0xFFC682EC,0xFFC784EB,0xFFC984EB,0xFFCA85EB,0xFFCD86EC,
0xFFCF88EC,0xFFD089ED,0xFFD289ED,0xFFD68BEE,0xFFD68BED,0xFFD58BEA,0xFFDF93F4,0xFFE791FD,0xFF7E5089,0x00000100,0x00010101,0x00020101,
0x00000000,0x00000000,0x00000000,0x00000000,0x00000000,0x00010000,0x00000000,0x00000000,0x00000000,0x00000000,0x00000000,0x00000000,
0x00000000,0x00000000,0x00000000,0x00000000,0x00000000,0x00000000,0x00000000,0x00000000,0x00000000,0x00000000,0x00000000,0x00000000,
0x00000000,0x00000000,0x00000000,0x00000000,0x00000000,0x00000000,0x00000000,0x00000000,0x00000000,0x00000000,0x00000000,0x00000000,
0x00000000,0x00000000,0x00000000,0x00000000,0x00000000,0x00000000,0x00000000,0x00000000,0x00000000,0x00000000,0x00000000,0x00000000,
0x00000000,0x00000000,0x00000000,0x00000000,0x00000000,0x00010000,0x00000000,0x00000000,0x00000000,0x00010000,0x00010000,0x00000000,
0x00000000,0x00000000,0x00000000,0x00000000,0x00000000,0x00000000,0x00000000,0x00000000,0x00000000,0x00000000,0x00000000,0x00000000,
0x00000000,0x00000000,0x00000000,0x00000000,0x00000000,0x00000000,0x00000000,0x00000000,0x00000000,0x00000000,0x00000000,0x00000000,
0x00000000,0x00000000,0x00000000,0x00000000,0x00030204,0x00000000,0xFF422849,0xFFD98AF0,0xFFDE8DF7,0xFFD087E9,0xFFD388EE,0xFFD288EE,
0xFFD087EE,0xFFCE86EE,0xFFCC85ED,0xFFC884ED,0xFFC683ED,0xFFC482EC,0xFFC181EC,0xFFBF7FEC,0xFFBD7FEC,0xFFBB7EEC,0xFFB87DEC,0xFFB67CEC,
0xFFB37AEB,0xFFB178EB,0xFFB078EB,0xFFAC76E8,0xFFB37BF5,0xFFAC77EA,0xFFB179E8,0xFFB177EA,0xFFAE75E9,0xFFAC75EA,0xFFA974E9,0xFFA672E9,
0xFFA472EA,0xFFA271E9,0xFFA06DE9,0xFF9F6BEA,0xFF9F6DEA,0xFF9F6CE9,0xFFA271EA,0xFFA371E9,0xFFA572EA,0xFFA673EA,0xFFA874E9,0xFFAA75E9,
0xFFAB75EA,0xFFAC76EA,0xFFAA75E1,0xFFBA7DF0,0xFFB87CEC,0xFFB77BE8,0xFFBA7CEB,0xFFBB7DEA,0xFFBD7FEB,0xFFBF80EB,0xFFC180EB,0xFFC381EB,
0xFFC482EA,0xFFC783EB,0xFFC985EC,0xFFCC86EC,0xFFCD88EC,0xFFCF88ED,0xFFD28AED,0xFFD48BED,0xFFD68AED,0xFFD88CEE,0xFFD78BEC,0xFFD88CEB,
0xFFEF9EFF,0xFF925B9E,0x00020002,0x00020203,0x00010001,0x00000000,0x00000000,0x00000000,0x00000000,0x00000000,0x00000000,0x00010000,
0x00000000,0x00010000,0x00000000,0x00000000,0x00000000,0x00000000,0x00000000,0x00000000,0x00000000,0x00000000,0x00000000,0x00000000,
0x00000000,0x00000000,0x00000000,0x00000000,0x00010000,0x00000000,0x00000000,0x00000000,0x00000000,0x00000000,0x00000000,0x00000000,
0x00000000,0x00000000,0x00000000,0x00000000,0x00000000,0x00000000,0x00000000,0x00000000,0x00000000,0x00000000,0x00000000,0x00000000,
0x00000000,0x00000000,0x00000000,0x00000000,0x00000000,0x00000000,0x00010000,0x00010000,0x00000000,0x00000000,0x00000000,0x00000000,
0x00000000,0x00000000,0x00000000,0x00000000,0x00000000,0x00000000,0x00000000,0x00000000,0x00000000,0x00000000,0x00000000,0x00000000,
0x00000000,0x00000000,0x00000000,0x00000000,0x00000000,0x00010000,0x00000000,0x00000000,0x00000000,0x00000000,0x00010000,0x00000000,
0x00000000,0x00000000,0x00010000,0x00000000,0x00000000,0x00000000,0x00010000,0x00020102,0x00000000,0xFF3C2543,0xFFDC89F2,0xFFDC8DF2,
0xFFD388EB,0xFFD58AEF,0xFFD489EE,0xFFD188EE,0xFFCE86ED,0xFFCC85ED,0xFFC984ED,0xFFC783ED,0xFFC582ED,0xFFC281ED,0xFFC080EC,0xFFBE7FEC,
0xFFBB7EEC,0xFFB97DEC,0xFFB57BEC,0xFFB379EC,0xFFB078EB,0xFFAF78EB,0xFFAD77EB,0xFFAB76EB,0xFFA974EA,0xFFA673EB,0xFFA872E6,0xFFAE76E8,
0xFFAC75EA,0xFFA973E9,0xFFA672EA,0xFFA371E9,0xFFA170E9,0xFF9E6EE8,0xFF9F6FEA,0xFFC8B3F3,0xFFD3C6F4,0xFFA478EA,0xFF9C6CE9,0xFFA170E9,
0xFFA270E9,0xFFA371E8,0xFFA571E8,0xFFA873EA,0xFFA773E8,0xFFA973E6,0xFFB379EC,0xFFB279E9,0xFFB47AE9,0xFFB67BEA,0xFFB77BEA,0xFFB97CEA,
0xFFBA7DEB,0xFFBC7EEB,0xFFBE7FEB,0xFFC07FEB,0xFFC281EB,0xFFC583EB,0xFFC784EC,0xFFC986EB,0xFFCC87EC,0xFFCF88ED,0xFFD189ED,0xFFD289EC,
0xFFD58AED,0xFFD68CEE,0xFFD88CED,0xFFDA8DEE,0xFFD68BEA,0xFFEE97FF,0xFF8A5A94,0x00000000,0x00020203,0x00000000,0x00000000,0x00000000,
0x00000000,0x00000000,0x00000000,0x00000000,0x00000000,0x00000000,0x00000000,0x00000000,0x00000000,0x00000000,0x00000000,0x00000000,
0x00000000,0x00000000,0x00000000,0x00000000,0x00000000,0x00000000,0x00000000,0x00000000,0x00000000,0x00000000,0x00000000,0x00000000,
0x00000000,0x00000000,0x00010000,0x00000000,0x00000000,0x00000000,0x00000000,0x00000000,0x00000000,0x00000000,0x00000000,0x00000000,
0x00000000,0x00000000,0x00000000,0x00000000,0x00000000,0x00000000,0x00000000,0x00000000,0x00000000,0x00000000,0x00000000,0x00000000,
0x00000000,0x00000000,0x00000000,0x00000000,0x00000000,0x00000000,0x00000000,0x00000000,0x00000000,0x00000000,0x00000000,0x00000000,
0x00000000,0x00000000,0x00000000,0x00010000,0x00000000,0x00000000,0x00000000,0x00000000,0x00010000,0x00000000,0x00000000,0x00010000,
0x00000000,0x00000000,0x00000000,0x00000000,0x00000000,0x00000000,0x00000000,0x00000000,0x00000000,0x00000000,0x00020102,0x00000000,
0xFF211324,0xFFD489E8,0xFFDF90F4,0xFFD68AEC,0xFFD78BEF,0xFFD48AEE,0xFFD389EE,0xFFD088EE,0xFFCD87ED,0xFFCA85ED,0xFFC884EE,0xFFC682EE,
0xFFC380ED,0xFFC080EC,0xFFBF80ED,0xFFBD7FED,0xFFBA7DEC,0xFFB67CEC,0xFFB37AEC,0xFFB179EC,0xFFAE78EC,0xFFAC77EB,0xFFAA75EA,0xFFA774EA,
0xFFA673EA,0xFFA572EA,0xFFA270EA,0xFFA672E6,0xFFAB74E9,0xFFA772E9,0xFFA370E9,0xFFA070E9,0xFF9E6FE9,0xFF9A6BE8,0xFF9E73EA,0xFFE2DDF7,
0xFFEBEDF8,0xFFAC89EC,0xFF9665E7,0xFF9E6FE9,0xFF9F6FE8,0xFFA06FE8,0xFFA270E8,0xFFA471E7,0xFFA571E5,0xFFAD76EA,0xFFAE76E8,0xFFAF77E9,
0xFFB078E9,0xFFB279EA,0xFFB47AEA,0xFFB57BE9,0xFFB77CEA,0xFFB97CEB,0xFFBC7DEB,0xFFBE7FEB,0xFFC181EB,0xFFC382EC,0xFFC583EC,0xFFC784EB,
0xFFCB86EC,0xFFCD87ED,0xFFCF88EC,0xFFD189ED,0xFFD48BED,0xFFD58BED,0xFFD68BED,0xFFD88CEE,0xFFDA8DEF,0xFFD98FEB,0xFFEE9CFF,0xFF5E3966,
0x00000000,0x00030203,0x00000000,0x00000000,0x00010000,0x00000000,0x00000000,0x00010000,0x00000000,0x00010000,0x00000000,0x00000000,
0x00000000,0x00000000,0x00000000,0x00010000,0x00010000,0x00000000,0x00000000,0x00000000,0x00000000,0x00000000,0x00000000,0x00000000,
0x00010000,0x00000000,0x00000000,0x00000000,0x00000000,0x00000000,0x00000000,0x00000000,0x00000000,0x00000000,0x00000000,0x00000000,
0x00000000,0x00000000,0x00000000,0x00000000,0x00000000,0x00000000,0x00000000,0x00000000,0x00000000,0x00000000,0x00010000,0x00000000,
0x00000000,0x00000000,0x00010000,0x00000000,0x00000000,0x00000000,0x00000000,0x00000000,0x00000000,0x00000000,0x00000000,0x00000000,
0x00000000,0x00000000,0x00000000,0x00010000,0x00000000,0x00000000,0x00000000,0x00010000,0x00000000,0x00000000,0x00000000,0x00000000,
0x00000000,0x00000000,0x00010000,0x00000000,0x00000000,0x00000000,0x00000000,0x00000000,0x00000000,0x00010000,0x00000000,0x00000000,
0x00000000,0x00010000,0x00020102,0x00010001,0xFF9E61AE,0xFFE793FD,0xFFD689EA,0xFFD98BEF,0xFFD68AEE,0xFFD48AEE,0xFFD38AEE,0xFFD088EE,
0xFFCC86ED,0xFFCA85EE,0xFFC784EE,0xFFC482ED,0xFFC280ED,0xFFBF80ED,0xFFBD7FEC,0xFFBB7EEC,0xFFB97DED,0xFFB57BED,0xFFB279EC,0xFFAF78EC,
0xFFAC76EB,0xFFA975EA,0xFFA773EA,0xFFA472EA,0xFFA371EA,0xFFA271EB,0xFFA070EB,0xFF9E6EE8,0xFFA470E6,0xFFA571EA,0xFFA16FE9,0xFF9E6EE9,
0xFF9C6DE9,0xFF9C6FEA,0xFF9565E9,0xFFB89FF0,0xFFC9B9F2,0xFF9465E8,0xFF996CE8,0xFF9A6CE8,0xFF9B6DE8,0xFF9E6FE9,0xFFA070E9,0xFFA16EE4,
0xFFA772E7,0xFFA873E9,0xFFAA74E9,0xFFAC75E9,0xFFAD76E9,0xFFAE76E9,0xFFB078E9,0xFFB279E9,0xFFB57BEA,0xFFB77BEA,0xFFB97CEA,0xFFBC7EEB,
0xFFBE7FEB,0xFFC080EA,0xFFC382EB,0xFFC683EC,0xFFC884EC,0xFFCB85EC,0xFFCE87ED,0xFFD088ED,0xFFD28AED,0xFFD38AED,0xFFD68BEE,0xFFD88CEE,
0xFFD98CEE,0xFFDA8DED,0xFFDF8FF2,0xFFD98BEB,0xFF1E1321,0x00000000,0x00020102,0x00000000,0x00000000,0x00000000,0x00000000,0x00010000,
0x00000000,0x00000000,0x00000000,0x00000000,0x00000000,0x00010000,0x00000000,0x00000000,0x00000000,0x00000000,0x00000000,0x00000000,
0x00000000,0x00000000,0x00000000,0x00000000,0x00010000,0x00000000,0x00000000,0x00000000,0x00000000,0x00000000,0x00000000,0x00000000,
0x00000000,0x00000000,0x00000000,0x00000000,0x00000000,0x00000000,0x00000000,0x00000000,0x00000000,0x00000000,0x00000000,0x00000000,
0x00000000,0x00000000,0x00000000,0x00000000,0x00000000,0x00000000,0x00000000,0x00000000,0x00000000,0x00000000,0x00000000,0x00010000,
0x00000000,0x00000000,0x00000000,0x00010000,0x00000000,0x00000000,0x00000000,0x00000000,0x00000000,0x00000000,0x00000000,0x00000000,
0x00000000,0x00000000,0x00000000,0x00000000,0x00000000,0x00000000,0x00000000,0x00000000,0x00000000,0x00000000,0x00000000,0x00000000,
0x00000000,0x00000000,0x00000000,0x00000000,0x00000000,0x00010001,0x00000000,0x000A050B,0xFFC67CDA,0xFFDE8FF3,0xFFD88AEC,0xFFD78BED,
0xFFD589ED,0xFFD389EE,0xFFD189EE,0xFFCF88EE,0xFFCC86EE,0xFFCA85EE,0xFFC683ED,0xFFC381ED,0xFFC180ED,0xFFBE80ED,0xFFBB7DEC,0xFFB87CEC,
0xFFB67CED,0xFFB37AED,0xFFB078EC,0xFFAD77EC,0xFFAA75EB,0xFFA773EB,0xFFA573EB,0xFFA272EB,0xFFA071EA,0xFF9E6FEA,0xFF9C6EEA,0xFF9A6EEA,
0xFF9A6CE7,0xFFA26FE7,0xFFA16FE9,0xFF9D6EE9,0xFF9B6DE8,0xFF9A6EE9,0xFF9464E9,0xFFAF91F0,0xFFC2AEF1,0xFF8E5DE6,0xFF966BE8,0xFF976AE8,
0xFF9A6CE8,0xFF9C6EE8,0xFF9E6DE7,0xFFA370E8,0xFFA371E9,0xFFA572E8,0xFFA672E8,0xFFA873E8,0xFFAA74E9,0xFFAB75E9,0xFFAD76E9,0xFFB078EA,
0xFFB37AEA,0xFFB57AEB,0xFFB77BEA,0xFFBA7DEA,0xFFBD7EEB,0xFFBF7FEB,0xFFC280EB,0xFFC582EC,0xFFC783EC,0xFFCA84ED,0xFFCC86ED,0xFFCF87ED,
0xFFD188ED,0xFFD289ED,0xFFD58BEE,0xFFD78BED,0xFFD98CEE,0xFFDB8EEE,0xFFDA8EEC,0xFFEA9BFD,0xFF432C48,0x00000000,0x00030203,0x00000000,
0x00000000,0x00010000,0x00000000,0x00000000,0x00000000,0x00000000,0x00000000,0x00000000,0x00000000,0x00000000,0x00000000,0x00000000,
0x00000000,0x00000000,0x00010000,0x00000000,0x00000000,0x00000000,0x00000000,0x00000000,0x00000000,0x00000000,0x00000000,0x00000000,
0x00010000,0x00000000,0x00010000,0x00000000,0x00000000,0x00000000,0x00000000,0x00010000,0x00000000,0x00000000,0x00000000,0x00000000,
0x00000000,0x00000000,0x00000000,0x00000000,0x00000000,0x00000000,0x00000000,0x00000000,0x00000000,0x00000000,0x00000000,0x00000000,
0x00000000,0x00010000,0x00000000,0x00000000,0x00000000,0x00000000,0x00000000,0x00000000,0x00000000,0x00000000,0x00000000,0x00000000,
0x00010000,0x00000000,0x00000000,0x00000000,0x00000000,0x00000000,0x00000000,0x00000000,0x00010000,0x00000000,0x00000000,0x00000000,
0x00000000,0x00000000,0x00000000,0x00000000,0x00000000,0x00000000,0x00000000,0x00000000,0x00000000,0x00010001,0x00000000,0x00020103,
0xFFB570C8,0xFFE18EF6,0xFFD789EC,0xFFD68AED,0xFFD489ED,0xFFD389EE,0xFFD189EE,0xFFCE88EE,0xFFCB86EE,0xFFC884ED,0xFFC582ED,0xFFC381ED,
0xFFBF7FEC,0xFFBC7EEC,0xFFB97DED,0xFFB77CEC,0xFFB47AEC,0xFFB179EC,0xFFAE78ED,0xFFAB76EC,0xFFA874EB,0xFFA573EB,0xFFA372EB,0xFFA071EA,
0xFF9D70EA,0xFF9B6EEA,0xFF996DEA,0xFF976CEB,0xFF946BEB,0xFF986CE6,0xFFA06EE8,0xFF9C6EE9,0xFF9A6DEA,0xFF986CE9,0xFF8F60E8,0xFFB499F0,
0xFFC7B4F2,0xFF8B5CE6,0xFF946AE8,0xFF966AE8,0xFF986BE8,0xFF996CE8,0xFFA06FE8,0xFF9F6FE9,0xFF9F6FE8,0xFFA170E8,0xFFA270E7,0xFFA572E9,
0xFFA773E9,0xFFA874E9,0xFFAA75E9,0xFFAD77E9,0xFFB078EA,0xFFB37AEB,0xFFB57AEA,0xFFB77BEA,0xFFBA7DEA,0xFFBE7EEB,0xFFC07FEB,0xFFC380EB,
0xFFC683EC,0xFFC984ED,0xFFCB85ED,0xFFCE86ED,0xFFCF87ED,0xFFD289ED,0xFFD48AED,0xFFD78BED,0xFFD98DEE,0xFFDA8FEE,0xFFDC8FEF,0xFFE294F5,
0xFF2E1D32,0x00000000,0x00020102,0x00000000,0x00000000,0x00000000,0x00010000,0x00010000,0x00000000,0x00010000,0x00000000,0x00000000,
0x00000000,0x00000000,0x00000000,0x00000000,0x00000000,0x00000000,0x00010000,0x00000000,0x00000000,0x00000000,0x00000000,0x00010000,
0x00010000,0x00000000,0x00000000,0x00000000,0x00000000,0x00000000,0x00000000,0x00000000,0x00000000,0x00000000,0x00000000,0x00000000,
0x00000000,0x00000000,0x00000000,0x00000000,0x00000000,0x00000000,0x00000000,0x00010000,0x00000000,0x00000000,0x00000000,0x00000000,
0x00000000,0x00000000,0x00000000,0x00000000,0x00000000,0x00000000,0x00000000,0x00000000,0x00000000,0x00010000,0x00000000,0x00000000,
0x00010000,0x00000000,0x00010000,0x00000000,0x00000000,0x00000000,0x00000000,0x00000000,0x00000000,0x00000000,0x00000000,0x00010000,
0x00000000,0x00000000,0x00000000,0x00000000,0x00000000,0x00000000,0x00000000,0x00000000,0x00000000,0x00000000,0x00000000,0x00000000,
0x00000000,0x00000000,0x00020202,0x00000000,0xFF9B60AA,0xFFE591FB,0xFFD688EB,0xFFD78AEE,0xFFD589EE,0xFFD389EE,0xFFD189EE,0xFFCF89EF,
0xFFCB87EE,0xFFC784ED,0xFFC482ED,0xFFC281ED,0xFFBE7EEC,0xFFBA7DEC,0xFFB87DEC,0xFFB57BEC,0xFFB27AEC,0xFFB079EC,0xFFAC77EC,0xFFA975EC,
0xFFA774EC,0xFFA373EB,0xFFA071EB,0xFF9D70EA,0xFF9B6EEA,0xFF986DEB,0xFF956CEA,0xFF936AEA,0xFF926AEB,0xFF906AEB,0xFF986CE7,0xFF9B6DE9,
0xFF986BE9,0xFF986DEA,0xFF9061E9,0xFFAC90EF,0xFFBFACF1,0xFF8C5DE7,0xFF946BE9,0xFF9469E8,0xFF9469E7,0xFF9A6DE8,0xFF9C6FE9,0xFF996CE8,
0xFF9C6DE7,0xFF9D6EE7,0xFFA06FE8,0xFFA271E9,0xFFA472E8,0xFFA572E8,0xFFA773E9,0xFFAA75E9,0xFFAD77E9,0xFFB078EA,0xFFB379EA,0xFFB57BEB,
0xFFB87CEA,0xFFBC7DEB,0xFFBF7FEB,0xFFC280EB,0xFFC581EC,0xFFC783ED,0xFFC983EC,0xFFCC85EC,0xFFCF87ED,0xFFD187EC,0xFFD388ED,0xFFD68BED,
0xFFD88DEE,0xFFD98EEC,0xFFE092F3,0xFFD184E3,0x00110A12,0x00000000,0x00010101,0x00000000,0x00000000,0x00010000,0x00000000,0x00000000,
0x00000000,0x00000000,0x00010000,0x00000000,0x00000000,0x00000000,0x00000000,0x00000000,0x00000000,0x00000000,0x00000000,0x00000000,
0x00000000,0x00000000,0x00000000,0x00000000,0x00000000,0x00000000,0x00000000,0x00000000,0x00000000,0x00000000,0x00000000,0x00000000,
0x00000000,0x00000000,0x00000000,0x00000000,0x00000000,0x00000000,0x00000000,0x00000000,0x00000000,0x00000000,0x00000000,0x00000000,
0x00000000,0x00000000,0x00000000,0x00000000,0x00000000,0x00000000,0x00000000,0x00000000,0x00000000,0x00000000,0x00000000,0x00000000,
0x00000000,0x00000000,0x00000000,0x00000000,0x00000000,0x00000000,0x00010000,0x00000000,0x00000000,0x00000000,0x00000000,0x00000000,
0x00000000,0x00000000,0x00000000,0x00000000,0x00000000,0x00000000,0x00000000,0x00000000,0x00000000,0x00000000,0x00010000,0x00000000,
0x00000000,0x00000000,0x00000000,0x00000000,0x00000000,0x00000000,0x00040204,0x00000000,0xFF6F447B,0xFFE995FF,0xFFD589EB,0xFFD68BEE,
0xFFD58AEE,0xFFD38AEE,0xFFD189EE,0xFFCE88EE,0xFFCC87EE,0xFFC885EE,0xFFC482ED,0xFFC080EC,0xFFBD7FEC,0xFFBA7EEC,0xFFB77CEC,0xFFB47BED,
0xFFB27AED,0xFFAE77EC,0xFFAA76EB,0xFFA774EC,0xFFA573EC,0xFFA172EB,0xFF9E71EB,0xFF9C6FEB,0xFF996EEB,0xFF966DEA,0xFF926AEA,0xFF9069EA,
0xFF8F69EB,0xFF8D69EC,0xFF8D69EA,0xFF976AE6,0xFF976AE8,0xFF976DEA,0xFF9063EA,0xFFA88CEF,0xFFBCA9F0,0xFF8C5FE7,0xFF946AE9,0xFF9268E8,
0xFF956AE9,0xFF996CE9,0xFF966AE8,0xFF986BE7,0xFF996BE7,0xFF9B6DE7,0xFF9E6FE8,0xFFA070E8,0xFFA170E8,0xFFA471E8,0xFFA572E8,0xFFA874E8,
0xFFAC76EA,0xFFAE77EA,0xFFB178EA,0xFFB47AEB,0xFFB77BEA,0xFFBA7DEA,0xFFBE7FEC,0xFFC181EC,0xFFC381EC,0xFFC682EC,0xFFC883EC,0xFFCB85EC,
0xFFCE87ED,0xFFD087EC,0xFFD288ED,0xFFD58BED,0xFFD88CED,0xFFD88DEC,0xFFE797FA,0xFFAD6EBC,0x00010000,0x00010101,0x00010000,0x00000000,
0x00000000,0x00000000,0x00000000,0x00000000,0x00000000,0x00000000,0x00000000,0x00000000,0x00000000,0x00000000,0x00000000,0x00000000,
0x00000000,0x00000000,0x00000000,0x00000000,0x00000000,0x00000000,0x00000000,0x00000000,0x00000000,0x00000000,0x00000000,0x00000000,
0x00000000,0x00000000,0x00000000,0x00000000,0x00000000,0x00010000,0x00000000,0x00000000,0x00000000,0x00000000,0x00000000,0x00000000,
0x00000000,0x00000000,0x00000000,0x00000000,0x00000000,0x00000000,0x00000000,0x00000000,0x00000000,0x00000000,0x00000000,0x00000000,
0x00000000,0x00000000,0x00000000,0x00000000,0x00000000,0x00000000,0x00000000,0x00000000,0x00000000,0x00000000,0x00010000,0x00000000,
0x00000000,0x00000000,0x00000000,0x00000000,0x00000000,0x00000000,0x00010000,0x00000000,0x00000000,0x00000000,0x00000000,0x00000000,
0x00000000,0x00000000,0x00000000,0x00000000,0x00000000,0x00000000,0x00000000,0x00000000,0x00000000,0x00000000,0x00030103,0x00000000,
0xFF37213D,0xFFE18FF8,0xFFD78AED,0xFFD68BEE,0xFFD58BEE,0xFFD48AEE,0xFFD189EE,0xFFCE88EE,0xFFCC86EE,0xFFC985EE,0xFFC482ED,0xFFC080EC,
0xFFBD7FEC,0xFFBA7EED,0xFFB77CED,0xFFB47BED,0xFFB079EC,0xFFAC77EB,0xFFA975EB,0xFFA674EB,0xFFA473EB,0xFFA071EB,0xFF9D71EC,0xFF9B70EC,
0xFF966BEB,0xFF9066EA,0xFF9069EA,0xFF8E68EB,0xFF8D68EB,0xFF8B67EB,0xFF8866EC,0xFF8C68E9,0xFF976BE8,0xFF966CEA,0xFF8D60EA,0xFFAF94F1,
0xFFC4B3F2,0xFF895DE6,0xFF926AE9,0xFF9369EA,0xFF986CEA,0xFF9268E9,0xFF9368E7,0xFF9569E7,0xFF976AE8,0xFF9A6DE8,0xFF996BE7,0xFF9969E7,
0xFF9F6FE9,0xFFA170E9,0xFFA371E8,0xFFA672E9,0xFFAA75EA,0xFFAC76EA,0xFFAF77EA,0xFFB278EA,0xFFB67AEA,0xFFB97CEB,0xFFBD7EEC,0xFFC07FEC,
0xFFC281EC,0xFFC482EC,0xFFC884EC,0xFFCB86ED,0xFFCD87ED,0xFFD088ED,0xFFD289ED,0xFFD58BED,0xFFD88DEE,0xFFD78CEA,0xFFEC9BFF,0xFF764C80,
0x00000000,0x00040204,0x00000000,0x00000000,0x00000000,0x00000000,0x00000000,0x00000000,0x00000000,0x00000000,0x00000000,0x00000000,
0x00000000,0x00000000,0x00010000,0x00010000,0x00000000,0x00000000,0x00010000,0x00000000,0x00000000,0x00000000,0x00000000,0x00000000,
0x00000000,0x00000000,0x00000000,0x00000000,0x00000000,0x00000000,0x00000000,0x00000000,0x00000000,0x00000000,0x00000000,0x00000000,
0x00000000,0x00000000,0x00010000,0x00000000,0x00000000,0x00000000,0x00000000,0x00000000,0x00000000,0x00000000,0x00010000,0x00010000,
0x00000000,0x00000000,0x00000000,0x00010000,0x00000000,0x00000000,0x00000000,0x00000000,0x00000000,0x00010000,0x00000000,0x00000000,
0x00000000,0x00000000,0x00000000,0x00000000,0x00000000,0x00000000,0x00010000,0x00000000,0x00000000,0x00000000,0x00000000,0x00000000,
0x00000000,0x00000000,0x00000000,0x00000000,0x00000000,0x00000000,0x00000000,0x00000000,0x00000000,0x00000000,0x00000000,0x00000000,
0x00000000,0x00000000,0x00010101,0x00000000,0x0009050A,0xFFC27AD6,0xFFDE8DF5,0xFFD68BED,0xFFD58BEE,0xFFD38AEE,0xFFD289EE,0xFFD089EF,
0xFFCD87EF,0xFFC985ED,0xFFC583ED,0xFFC181ED,0xFFBD80ED,0xFFBA7EED,0xFFB87DEE,0xFFB47BED,0xFFB079EC,0xFFAC76EB,0xFFA975EC,0xFFA674EB,
0xFFA272EB,0xFF9F72EC,0xFF9D71EB,0xFF976BEB,0xFF9D76ED,0xFFA07EEC,0xFF8B64EA,0xFF8C67EB,0xFF8C68EB,0xFF8A67EB,0xFF8866EC,0xFF8665ED,
0xFF8F6AEB,0xFF9367E9,0xFF8A5BEA,0xFFB59CF2,0xFFC9BAF2,0xFF875BE5,0xFF8D5FE9,0xFF976AEA,0xFF9169E9,0xFF8F67E8,0xFF9369E8,0xFF9469E8,
0xFF956AE7,0xFF9365E7,0xFF9B6FE9,0xFFA781EA,0xFF9C6DE9,0xFF9E6EE9,0xFFA16FE8,0xFFA472E9,0xFFA774E8,0xFFAB75E9,0xFFAE77EA,0xFFB178EA,
0xFFB57AEB,0xFFB97CEC,0xFFBB7DEC,0xFFBE7FEC,0xFFC281EC,0xFFC582ED,0xFFC784EC,0xFFCB86ED,0xFFCD87ED,0xFFD088ED,0xFFD389ED,0xFFD58BED,
0xFFD88DEE,0xFFDB8FEF,0xFFE092F4,0xFF2E1C32,0x00000000,0x00020103,0x00000000,0x00000000,0x00000000,0x00000000,0x00000000,0x00000000,
0x00000000,0x00010000,0x00000000,0x00010000,0x00000000,0x00000000,0x00000000,0x00000000,0x00000000,0x00000000,0x00010000,0x00000000,
0x00000000,0x00000000,0x00000000,0x00000000,0x00000000,0x00000000,0x00000000,0x00000000,0x00010000,0x00000000,0x00000000,0x00000000,
0x00000000,0x00000000,0x00000000,0x00000000,0x00000000,0x00010000,0x00000000,0x00000000,0x00000000,0x00000000,0x00000000,0x00000000,
0x00000000,0x00000000,0x00000000,0x00000000,0x00000000,0x00000000,0x00000000,0x00000000,0x00000000,0x00000000,0x00010000,0x00000000,
0x00000000,0x00000000,0x00010000,0x00010000,0x00000000,0x00000000,0x00000000,0x00000000,0x00000000,0x00010000,0x00000000,0x00000000,
0x00000000,0x00000000,0x00000000,0x00010000,0x00010000,0x00000000,0x00000000,0x00000000,0x00000000,0x00000000,0x00000000,0x00000000,
0x00000000,0x00000000,0x00000000,0x00000000,0x00000000,0x00000000,0x00000000,0x00030203,0x00000000,0xFF7A4D88,0xFFE996FF,0xFFD489EB,
0xFFD68AEE,0xFFD48AEE,0xFFD289EE,0xFFD089EF,0xFFCE88EF,0xFFCA86EE,0xFFC683EE,0xFFC282EE,0xFFBE80ED,0xFFBB7FED,0xFFB97DEE,0xFFB57BED,
0xFFB179ED,0xFFAD77EC,0xFFA976EB,0xFFA674EB,0xFFA272EB,0xFF9F72EC,0xFF9C70EB,0xFF9A6FEC,0xFFD5CAF6,0xFFE8E7F8,0xFFA990EE,0xFF865FEA,
0xFF835CEA,0xFF825DEA,0xFF8664EB,0xFF8969ED,0xFF825EED,0xFF9E7BEE,0xFFD1C2F4,0xFFDCD6F5,0xFFDCD7F5,0xFFD3CAF3,0xFFB498EE,0xFF8E63E7,
0xFF8E66E8,0xFF9067E8,0xFF8D63E8,0xFF8B5EE7,0xFF8E61E7,0xFF976DEA,0xFFCCBEF3,0xFFE7E7F6,0xFFB291EE,0xFF9967E9,0xFFA171EA,0xFFA372E9,
0xFFA673E8,0xFFAA74E9,0xFFAE77EA,0xFFB178EB,0xFFB57AEB,0xFFB87BEB,0xFFBB7DEB,0xFFBE7FEC,0xFFC281EC,0xFFC582ED,0xFFC783EC,0xFFCB86ED,
0xFFCE88EE,0xFFD088EC,0xFFD389ED,0xFFD58BED,0xFFD68CEC,0xFFE596FB,0xFFB074C1,0x00010101,0x00010101,0x00010000,0x00000000,0x00000000,
0x00000000,0x00000000,0x00000000,0x00000000,0x00000000,0x00000000,0x00000000,0x00000000,0x00000000,0x00000000,0x00000000,0x00000000,
0x00000000,0x00000000,0x00000000,0x00000000,0x00000000,0x00000000,0x00000000,0x00000000,0x00000000,0x00010000,0x00000000,0x00010000,
0x00000000,0x00000000,0x00000000,0x00000000,0x00000000,0x00000000,0x00000000,0x00000000,0x00010000,0x00000000,0x00000000,0x00000000,
0x00000000,0x00000000,0x00000000,0x00000000,0x00000000,0x00000000,0x00000000,0x00010000,0x00000000,0x00000000,0x00000000,0x00000000,
0x00000000,0x00000000,0x00010000,0x00000000,0x00000000,0x00000000,0x00000000,0x00000000,0x00000000,0x00000000,0x00000000,0x00000000,
0x00010000,0x00000000,0x00000000,0x00000000,0x00000000,0x00000000,0x00000000,0x00000000,0x00010000,0x00000000,0x00000000,0x00000000,
0x00000000,0x00000000,0x00000000,0x00000000,0x00000000,0x00000000,0x00010000,0x00000000,0x00000000,0x00000000,0x00000000,0x00020102,
0x00000000,0xFF201323,0xFFD888EE,0xFFD88BEF,0xFFD68BEE,0xFFD48AEE,0xFFD38AEF,0xFFD089EF,0xFFCE88EE,0xFFCB86EE,0xFFC884EE,0xFFC382EE,
0xFFBF81ED,0xFFBC7FEE,0xFFB97EED,0xFFB57CED,0xFFB27AED,0xFFAE78EC,0xFFAA76EB,0xFFA775EB,0xFFA372EB,0xFFA072EB,0xFF9D70EB,0xFF9B71EE,
0xFFD4CAF7,0xFFDFDCF6,0xFFCDC3F4,0xFFCBC1F4,0xFFB9A8F1,0xFFA087ED,0xFF8A6BEB,0xFF7B55EA,0xFF987BF1,0xFFE1DCF8,0xFFE7E4F7,0xFFE1DDF5,
0xFFE1DCF6,0xFFE5E1F7,0xFFEAE9F8,0xFFB19AEE,0xFF8255E6,0xFF8B62E8,0xFF9E7EEA,0xFFB29BEE,0xFFC7B8F2,0xFFCFC3F4,0xFFD8D1F5,0xFFE1DFF5,
0xFFAF8EED,0xFF9868E8,0xFFA171E9,0xFFA271E8,0xFFA572E8,0xFFA974E9,0xFFAE77EA,0xFFB179EB,0xFFB47AEB,0xFFB77CEB,0xFFBB7EEB,0xFFBE80EC,
0xFFC181EC,0xFFC483ED,0xFFC884ED,0xFFCB85ED,0xFFCE87ED,0xFFD088ED,0xFFD38AED,0xFFD68CEE,0xFFD68CEB,0xFFEA98FF,0xFF4D2F55,0x00000000,
0x00030203,0x00000000,0x00000000,0x00000000,0x00010000,0x00000000,0x00000000,0x00000000,0x00000000,0x00000000,0x00000000,0x00000000,
0x00000000,0x00000000,0x00000000,0x00000000,0x00000000,0x00000000,0x00000000,0x00000000,0x00010000,0x00000000,0x00000000,0x00010000,
0x00010000,0x00010000,0x00000000,0x00000000,0x00000000,0x00000000,0x00000000,0x00010000,0x00000000,0x00000000,0x00000000,0x00000000,
0x00000000,0x00000000,0x00000000,0x00000000,0x00000000,0x00010000,0x00000000,0x00000000,0x00000000,0x00000000,0x00000000,0x00000000,
0x00000000,0x00000000,0x00000000,0x00000000,0x00000000,0x00000000,0x00000000,0x00000000,0x00000000,0x00000000,0x00000000,0x00000000,
0x00000000,0x00000000,0x00000000,0x00000000,0x00000000,0x00000000,0x00010000,0x00000000,0x00000000,0x00000000,0x00000000,0x00000000,
0x00000000,0x00000000,0x00010000,0x00000000,0x00000000,0x00000000,0x00000000,0x00000000,0x00000000,0x00000000,0x00000000,0x00000000,
0x00000000,0x00000000,0x00000000,0x00000000,0x00020203,0x00000000,0xFF7D4D8B,0xFFE896FF,0xFFD288EA,0xFFD489EE,0xFFD38AEF,0xFFD189EF,
0xFFCF88EE,0xFFCC87EF,0xFFC885EE,0xFFC483ED,0xFFC081ED,0xFFBD80ED,0xFFB97EED,0xFFB67DED,0xFFB37AEE,0xFFAF79ED,0xFFAB77EC,0xFFA775EB,
0xFFA474EB,0xFFA172EC,0xFF9E71EC,0xFF986CED,0xFF9B73EF,0xFF9D79EE,0xFF8F66EC,0xFF9E7DEE,0xFFB59EF1,0xFFC7B9F3,0xFFC8BFF4,0xFFBBADF3,
0xFFD5CCF6,0xFFE6E3F6,0xFFDFDAF5,0xFFE1DDF6,0xFFE2DCF6,0xFFE1DBF5,0xFFE0DCF5,0xFFDFDAF5,0xFFC5B4F2,0xFFCABEF3,0xFFC8BCF2,0xFFB8A2EF,
0xFFA586EC,0xFF946BE9,0xFF9972EA,0xFFA27AEA,0xFF9768E7,0xFF9C6EE8,0xFFA070E9,0xFFA271E8,0xFFA673E9,0xFFAA74E9,0xFFAE76EA,0xFFB178EA,
0xFFB47AEB,0xFFB77CEC,0xFFBB7EEC,0xFFBF80EC,0xFFC281EC,0xFFC583ED,0xFFC884ED,0xFFCB85ED,0xFFCE88ED,0xFFD189ED,0xFFD48BEE,0xFFD48AEB,
0xFFE394FB,0xFFAC70BF,0x00030103,0x00020102,0x00000000,0x00000000,0x00000000,0x00000000,0x00010000,0x00000000,0x00000000,0x00000000,
0x00000000,0x00000000,0x00000000,0x00000000,0x00000000,0x00010000,0x00000000,0x00000000,0x00000000,0x00000000,0x00000000,0x00000000,
0x00000000,0x00000000,0x00000000,0x00000000,0x00000000,0x00000000,0x00000000,0x00000000,0x00000000,0x00000000,0x00010000,0x00000000,
0x00000000,0x00010000,0x00000000,0x00000000,0x00000000,0x00000000,0x00000000,0x00000000,0x00000000,0x00000000,0x00010000,0x00000000,
0x00000000,0x00000000,0x00000000,0x00010000,0x00000000,0x00000000,0x00000000,0x00000000,0x00000000,0x00000000,0x00000000,0x00000000,
0x00000000,0x00000000,0x00010000,0x00000000,0x00010000,0x00000000,0x00000000,0x00000000,0x00000000,0x00000000,0x00000000,0x00010000,
0x00000000,0x00000000,0x00000000,0x00000000,0x00000000,0x00000000,0x00000000,0x00000000,0x00000000,0x00000000,0x00000000,0x00000000,
0x00000000,0x00000000,0x00000000,0x00000000,0x00000000,0x00000000,0x00010000,0x00000000,0x00010101,0x00020102,0x00100A11,0xFFC37DD8,
0xFFDC8EF6,0xFFD288EC,0xFFD389EF,0xFFD188EE,0xFFCF88EE,0xFFCC87EF,0xFFC884EE,0xFFC582ED,0xFFC181ED,0xFFBE80ED,0xFFBA7EED,0xFFB77CEE,
0xFFB37BEE,0xFFB079ED,0xFFAC77ED,0xFFA875EB,0xFFA573EB,0xFFA172EB,0xFF9E70EB,0xFF9B6FEC,0xFF976CED,0xFF9368EC,0xFF9369EB,0xFF8E64EB,
0xFF875CEA,0xFF895EEB,0xFF9470ED,0xFFAD95F0,0xFFE1DDF6,0xFFE2DDF6,0xFFE1DDF5,0xFFE2DDF6,0xFFE1DCF6,0xFFE1DDF6,0xFFE0DBF5,0xFFE6E4F7,
0xFFC7B6F3,0xFF9875EA,0xFF8C62E7,0xFF8759E6,0xFF8C60E7,0xFF9266E8,0xFF9567E9,0xFF9667E8,0xFF9C6DE9,0xFF9E6FE9,0xFFA170E9,0xFFA472E9,
0xFFA773E9,0xFFAA75E9,0xFFAE76EA,0xFFB178EA,0xFFB47AEB,0xFFB77CEC,0xFFBB7EEC,0xFFBE80EC,0xFFC281EC,0xFFC583EC,0xFFC884ED,0xFFCB85ED,
0xFFCF88ED,0xFFD28AEE,0xFFD48BED,0xFFD88DEF,0xFFDC8DF4,0xFF2C1A31,0x00000000,0x00020102,0x00000000,0x00000000,0x00000000,0x00000000,
0x00010000,0x00000000,0x00000000,0x00000000,0x00000000,0x00000000,0x00000000,0x00000000,0x00000000,0x00000000,0x00000000,0x00000000,
0x00000000,0x00000000,0x00010000,0x00000000,0x00000000,0x00000000,0x00000000,0x00000000,0x00000000,0x00000000,0x00000000,0x00000000,
0x00000000,0x00010000,0x00000000,0x00000000,0x00010100,0x00000000,0x00000000,0x00000000,0x00000000,0x00000000,0x00000000,0x00000000,
0x00000000,0x00000000,0x00000000,0x00000000,0x00000000,0x00000000,0x00000000,0x00000000,0x00000000,0x00000000,0x00000000,0x00000000,
0x00000000,0x00010000,0x00000000,0x00010000,0x00000000,0x00000000,0x00000000,0x00000000,0x00000000,0x00000000,0x00000000,0x00000000,
0x00010000,0x00000000,0x00000000,0x00000000,0x00000000,0x00000000,0x00000000,0x00000000,0x00000000,0x00010000,0x00000000,0x00000000,
0x00000000,0x00000000,0x00000000,0x00000000,0x00000000,0x00000000,0x00000000,0x00000000,0x00000000,0x00000000,0x00000000,0x00000000,
0x00000000,0x00030202,0x00000000,0xFF392440,0xFFDC8BF6,0xFFD689F0,0xFFD287EC,0xFFD288EE,0xFFCF88EE,0xFFCC86EE,0xFFC984EE,0xFFC683EE,
0xFFC282ED,0xFFBF80ED,0xFFBB7EED,0xFFB77CED,0xFFB47BED,0xFFB179ED,0xFFAD78ED,0xFFA975EC,0xFFA673EB,0xFFA373EB,0xFFA172EC,0xFF9E71ED,
0xFF9C70ED,0xFF996EEB,0xFF966BEA,0xFF946BEA,0xFF946BEC,0xFF936BEC,0xFF9066EC,0xFF9269EC,0xFFD9D0F5,0xFFE3DFF6,0xFFE1DCF5,0xFFE1DDF5,
0xFFE1DDF5,0xFFE1DCF5,0xFFE0DBF6,0xFFE3E2F6,0xFFA283ED,0xFF8357E6,0xFF9068E8,0xFF9269E8,0xFF9368E8,0xFF9468E8,0xFF986AE9,0xFF9B6CE9,
0xFF9D6EE9,0xFFA06FE9,0xFFA270E9,0xFFA572E9,0xFFA874E9,0xFFAB76E9,0xFFAE77EA,0xFFB177EA,0xFFB47AEA,0xFFB77CEB,0xFFBB7EEC,0xFFBE80EB,
0xFFC281EC,0xFFC583EC,0xFFC884EC,0xFFCB85ED,0xFFCF88EE,0xFFD28AEE,0xFFD289EC,0xFFE897FF,0xFF5E3C69,0x00000000,0x00030203,0x00000000,
0x00000000,0x00000000,0x00000000,0x00000000,0x00000000,0x00000000,0x00000000,0x00000000,0x00000000,0x00000000,0x00000000,0x00000000,
0x00000000,0x00000000,0x00000000,0x00000000,0x00000000,0x00000000,0x00000000,0x00000000,0x00000000,0x00000000,0x00000000,0x00000000,
0x00010000,0x00000000,0x00000000,0x00000000,0x00000000,0x00000000,0x00000000,0x00000000,0x00000000,0x00010000,0x00010000,0x00000000,
0x00000000,0x00000000,0x00000000,0x00000000,0x00000000,0x00000000,0x00000000,0x00000000,0x00000000,0x00000000,0x00000000,0x00000000,
0x00000000,0x00000000,0x00000000,0x00010000,0x00000000,0x00000000,0x00000000,0x00000000,0x00000000,0x00000000,0x00000000,0x00000000,
0x00000000,0x00010000,0x00000000,0x00010000,0x00000000,0x00000000,0x00000000,0x00000000,0x00000000,0x00000000,0x00000000,0x00000000,
0x00000000,0x00000000,0x00000000,0x00000000,0x00000000,0x00000000,0x00000000,0x00000000,0x00000000,0x00000000,0x00000000,0x00000000,
0x00000000,0x00000000,0x00000000,0x00000000,0x00000000,0x00000000,0x00030203,0x00000000,0xFF52355C,0xFFE293FD,0xFFD488F0,0xFFD087ED,
0xFFD088EF,0xFFCD86EE,0xFFCA85EE,0xFFC784EE,0xFFC482EE,0xFFC080EE,0xFFBD7EED,0xFFB97CED,0xFFB57BED,0xFFB27AED,0xFFAE78ED,0xFFAB76EC,
0xFFA974EC,0xFFA673EC,0xFFA473EC,0xFFA272EC,0xFF9F70EB,0xFF9C6FEB,0xFF9A6DEB,0xFF9A6DEC,0xFF9A6CEC,0xFF9B6DEC,0xFF9A6EED,0xFF916CEE,
0xFFD1C8F6,0xFFE7E4F6,0xFFDFDAF5,0xFFE1DDF6,0xFFE1DCF6,0xFFE1DCF6,0xFFE2DEF6,0xFFE4E2F7,0xFFA07EED,0xFF8C63E8,0xFF8E66E7,0xFF8F65E7,
0xFF9367E8,0xFF9769E9,0xFF996BE9,0xFF9B6DE8,0xFF9E6EE8,0xFFA06FE8,0xFFA371E9,0xFFA773E9,0xFFA974E9,0xFFAC76EA,0xFFAF77EA,0xFFB178EA,
0xFFB579EA,0xFFB87BEB,0xFFBB7DEC,0xFFBF7FEC,0xFFC382ED,0xFFC683ED,0xFFC884ED,0xFFCC86EE,0xFFCE87ED,0xFFD087EC,0xFFE797FF,0xFF774B86,
0x00000000,0x00030204,0x00000000,0x00000000,0x00000000,0x00000000,0x00000000,0x00000000,0x00000000,0x00000000,0x00000000,0x00000000,
0x00000000,0x00000000,0x00000000,0x00000000,0x00000000,0x00000000,0x00000000,0x00000000,0x00000000,0x00000000,0x00000000,0x00000000,
0x00000000,0x00000000,0x00000000,0x00000000,0x00000000,0x00000000,0x00000000,0x00000000,0x00000000,0x00000000,0x00000000,0x00000000,
0x00010000,0x00010000,0x00000000,0x00000000,0x00000000,0x00000000,0x00000000,0x00000000,0x00000000,0x00000000,0x00000000,0x00000000,
0x00000000,0x00000000,0x00000000,0x00010000,0x00000000,0x00000000,0x00010000,0x00000000,0x00000000,0x00000000,0x00000000,0x00000000,
0x00000000,0x00000000,0x00000000,0x00000000,0x00000000,0x00000000,0x00000000,0x00000000,0x00000000,0x00010000,0x00000000,0x00000000,
0x00000000,0x00000000,0x00000000,0x00000000,0x00000000,0x00000000,0x00000000,0x00000000,0x00000000,0x00000000,0x00000000,0x00000000,
0x00000000,0x00010000,0x00000000,0x00000000,0x00000000,0x00000000,0x00000000,0x00000000,0x00000000,0x00000000,0x00000000,0x00030204,
0x00000000,0xFF53355E,0xFFD98BF6,0xFFDB8EF8,0xFFCC84E9,0xFFCC86ED,0xFFCB85EF,0xFFC984EE,0xFFC583EE,0xFFC281EE,0xFFBE7FED,0xFFBB7EED,
0xFFB87CED,0xFFB47BED,0xFFB179EC,0xFFAE78ED,0xFFAB76EC,0xFFA974EB,0xFFA774EC,0xFFA473EB,0xFFA372EC,0xFFA472ED,0xFFA571EE,0xFFA170EC,
0xFF966CEC,0xFF8767EE,0xFF7B65F1,0xFF6959F3,0xFF9387F8,0xFFE3DFF7,0xFFE2DDF5,0xFFE1DCF6,0xFFE1DCF6,0xFFE0DCF6,0xFFE5E3F7,0xFFC9B8F4,
0xFF9568ED,0xFF996CED,0xFF986BEB,0xFF966AE9,0xFF9469E7,0xFF9569E6,0xFF986BE7,0xFF9C6EE8,0xFFA070E9,0xFFA271EA,0xFFA572E9,0xFFA773E9,
0xFFAA75E9,0xFFAD77EA,0xFFB078EA,0xFFB278EA,0xFFB57AEA,0xFFB97CEB,0xFFBC7EEC,0xFFC080EC,0xFFC382ED,0xFFC683ED,0xFFC984EE,0xFFC984EB,
0xFFD189F1,0xFFE193FF,0xFF764C86,0x00000000,0x00030203,0x00010001,0x00000000,0x00010000,0x00000000,0x00000000,0x00000000,0x00000000,
0x00000000,0x00000000,0x00000000,0x00000000,0x00000000,0x00000000,0x00000000,0x00000000,0x00000000,0x00000000,0x00000000,0x00000000,
0x00000000,0x00000000,0x00000000,0x00010000,0x00010000,0x00000000,0x00000000,0x00000000,0x00000000,0x00000000,0x00000000,0x00000000,
0x00000000,0x00000000,0x00000000,0x00000000,0x00000000,0x00000000,0x00000000,0x00000000,0x00000000,0x00000000,0x00000000,0x00000000,
0x00000000,0x00000000,0x00000000,0x00000000,0x00000000,0x00000000,0x00000000,0x00000000,0x00000000,0x00000000,0x00000000,0x00000000,
0x00000000,0x00000000,0x00000000,0x00000000,0x00000000,0x00000000,0x00000000,0x00000000,0x00000000,0x00010000,0x00000000,0x00000000,
0x00000000,0x00010000,0x00000000,0x00000000,0x00000000,0x00010000,0x00000000,0x00000000,0x00000000,0x00000000,0x00000000,0x00000000,
0x00000000,0x00000000,0x00000000,0x00000000,0x00000000,0x00000000,0x00000000,0x00000000,0x00010000,0x00000000,0x00000000,0x00000000,
0x00000000,0x00010000,0x00000000,0x00000000,0x00030203,0x00000000,0xFF37243E,0xFFB978D2,0xFFDE90FF,0xFFD188F2,0xFFC983EB,0xFFC783EC,
0xFFC682ED,0xFFC381EE,0xFFC180EE,0xFFBD7EED,0xFFBB7DEE,0xFFB87BED,0xFFB47AEC,0xFFB179ED,0xFFAE77EC,0xFFAD76EC,0xFFAD77EE,0xFFAD77EE,
0xFFA875ED,0xFF9E70EA,0xFF8D69E8,0xFF7D63E9,0xFF7261EF,0xFF6E60F4,0xFF6E5FF5,0xFF7060F5,0xFF6B59F5,0xFFC5BCF7,0xFFDEDAF6,0xFFE3E0F6,
0xFFE5E3F7,0xFFDFDAF6,0xFFDFDAF7,0xFFA17DEE,0xFF9165EC,0xFF996DEE,0xFF9D70EE,0xFF9F71EE,0xFFA071EC,0xFF9E70E9,0xFF9C6EE5,0xFF9B6EE2,
0xFF9B6DE1,0xFF9F6FE2,0xFFA572E7,0xFFA974E9,0xFFAC76EB,0xFFAF77EB,0xFFB078EA,0xFFB37AEA,0xFFB67BEB,0xFFBA7CEB,0xFFBC7EEC,0xFFC080ED,
0xFFC381EC,0xFFC381EA,0xFFC884ED,0xFFD98EFD,0xFFCD86ED,0xFF563763,0x00000000,0x00020102,0x00010101,0x00000000,0x00000000,0x00000000,
0x00000000,0x00000000,0x00000000,0x00010000,0x00000000,0x00000000,0x00000000,0x00000000,0x00000000,0x00000000,0x00000000,0x00000000,
0x00000000,0x00000000,0x00000000,0x00000000,0x00000000,0x00000000,0x00000000,0x00000000,0x00000000,0x00010000,0x00000000,0x00010000,
0x00000000,0x00000000,0x00000000,0x00000000,0x00000000,0x00000000,0x00000000,0x00000000,0x00000000,0x00000000,0x00000000,0x00000000,
0x00000000,0x00000000,0x00000000,0x00000000,0x00000000,0x00000000,0x00000000,0x00000000,0x00000000,0x00000000,0x00000000,0x00000000,
0x00000000,0x00000000,0x00010000,0x00010000,0x00010000,0x00000000,0x00000000,0x00000000,0x00000000,0x00010000,0x00000000,0x00000000,
0x00000000,0x00000000,0x00000000,0x00000000,0x00010000,0x00000000,0x00000000,0x00000000,0x00010000,0x00000000,0x00000000,0x00000000,
0x00000000,0x00010000,0x00000000,0x00000000,0x00000000,0x00000000,0x00000000,0x00000000,0x00000000,0x00000000,0x00000000,0x00000000,
0x00000000,0x00000000,0x00000000,0x00000000,0x00000000,0x00000000,0x00010000,0x00000000,0x00000000,0x00030203,0x00000000,0x000C070D,
0xFF724B83,0xFFC782E6,0xFFDA8EFF,0xFFD289F9,0xFFC984F0,0xFFC482EC,0xFFBF7EEA,0xFFBE7DEA,0xFFBC7EEC,0xFFBA7CED,0xFFB97CEE,0xFFB87CEE,
0xFFB67AED,0xFFB079ED,0xFFA473EA,0xFF946DE7,0xFF8567E8,0xFF7963EA,0xFF7461EE,0xFF7361F2,0xFF7362F5,0xFF7161F5,0xFF7363F5,0xFF6352F4,
0xFF9C92F7,0xFFC6C1F8,0xFF7266F7,0xFF897DF6,0xFFA38AF1,0xFF9978F1,0xFFB19CF4,0xFFC9BBF5,0xFF8E62EC,0xFF976EED,0xFF976CEC,0xFF9A6FEC,
0xFF9D70EC,0xFFA172EC,0xFFA574ED,0xFFA775EC,0xFFA672E8,0xFFA271E2,0xFFA271DE,0xFFA271DF,0xFFA875E4,0xFFAE77E9,0xFFB278EB,0xFFB47AEA,
0xFFB57AE8,0xFFB77AE7,0xFFBB7CE9,0xFFC181EC,0xFFC884F2,0xFFD38AFD,0xFFD18CF8,0xFF915EAB,0xFF231528,0x00000000,0x00020203,0x00000000,
0x00000000,0x00000000,0x00000000,0x00000000,0x00000000,0x00000000,0x00000000,0x00000000,0x00000000,0x00000000,0x00000000,0x00000000,
0x00000000,0x00000000,0x00000000,0x00010000,0x00000000,0x00000000,0x00000000,0x00000000,0x00000000,0x00000000,0x00010000,0x00000000,
0x00000000,0x00000000,0x00010000,0x00010000,0x00010000,0x00000000,0x00000000,0x00000000,0x00000000,0x00000000,0x00000000,0x00000000,
0x00000000,0x00000000,0x00000000,0x00000000,0x00000000,0x00000000,0x00000000,0x00000000,0x00000000,0x00000000,0x00000000,0x00000000,
0x00000000,0x00000000,0x00000000,0x00000000,0x00000000,0x00000000,0x00000000,0x00000000,0x00000000,0x00000000,0x00000000,0x00000000,
0x00000000,0x00000000,0x00000000,0x00000000,0x00010000,0x00000000,0x00000000,0x00000000,0x00000000,0x00000000,0x00000000,0x00000000,
0x00000000,0x00010000,0x00000000,0x00000000,0x00000000,0x00000000,0x00010000,0x00000000,0x00000000,0x00000000,0x00000000,0x00000000,
0x00000000,0x00000000,0x00000000,0x00000000,0x00000000,0x00000000,0x00000000,0x00000000,0x00000000,0x00000000,0x00000000,0x00000000,
0x00000000,0x00000000,0x00020103,0x00000000,0x00000000,0xFF18101C,0xFF603E71,0xFFA16ABD,0xFFC382E7,0xFFCE87F8,0xFFD28BFE,0xFFD28BFF,
0xFFCB85FA,0xFFBF7EEE,0xFFB97CEE,0xFFAB75EA,0xFF9C70E7,0xFF8E6CE7,0xFF8367E8,0xFF7E66EC,0xFF7E66F2,0xFF7D66F4,0xFF7965F4,0xFF7664F4,
0xFF7363F4,0xFF7262F4,0xFF6C5CF5,0xFF7C70F6,0xFFC7C4F7,0xFF776BF5,0xFF675AF4,0xFF6958F4,0xFF8460EC,0xFF8C68EF,0xFF825AED,0xFFC1B4F4,
0xFFBDA7F2,0xFF8D62EC,0xFF966EED,0xFF976CEC,0xFF9B6FEC,0xFF9E71EC,0xFFA172ED,0xFFA574ED,0xFFAA76EE,0xFFAD77EF,0xFFB179ED,0xFFAF79E9,
0xFFAC78E3,0xFFAA76E0,0xFFAE77E4,0xFFBC80F3,0xFFC784FF,0xFFC987FC,0xFFCC89FD,0xFFC784F4,0xFFB377D9,0xFF7E5198,0xFF32203B,0x00000000,
0x00000000,0x00030203,0x00000000,0x00000000,0x00000000,0x00000000,0x00000000,0x00000000,0x00000000,0x00000000,0x00000000,0x00000000,
0x00000000,0x00000000,0x00000000,0x00000000,0x00000000,0x00000000,0x00000000,0x00000000,0x00000000,0x00000000,0x00000000,0x00000000,
0x00000000,0x00000000,0x00010000,0x00000000,0x00000000,0x00010000,0x00000000,0x00000000,0x00000000,0x00000000,0x00000000,0x00010000,
0x00000000,0x00000000,0x00000000,0x00000000,0x00000000,0x00010000,0x00000000,0x00000000,0x00000000,0x00000000,0x00000000,0x00000000,
0x00000000,0x00000000,0x00000000,0x00000000,0x00000000,0x00000000,0x00000000,0x00000000,0x00000000,0x00000000,0x00000000,0x00000000,
0x00000000,0x00000000,0x00000000,0x00000000,0x00000000,0x00000000,0x00010000,0x00000000,0x00000000,0x00000000,0x00000000,0x00000000,
0x00010000,0x00000000,0x00000000,0x00000000,0x00000000,0x00000000,0x00000000,0x00000000,0x00000000,0x00000000,0x00000000,0x00000000,
0x00000000,0x00000000,0x00000000,0x00000000,0x00010000,0x00000000,0x00000000,0x00000000,0x00010000,0x00000000,0x00000000,0x00000000,
0x00000000,0x00000000,0x00000000,0x00000000,0x00000000,0x00000000,0x00000000,0x00010001,0x00030203,0x00000000,0x00000000,0x00000000,
0xFF1A111E,0xFF392344,0xFF583A69,0xFF583B6B,0xFF664283,0xFFA073E6,0xFF976FEE,0xFF8C6BEA,0xFF8B6CEE,0xFF896BF1,0xFF876BF3,0xFF856AF3,
0xFF8168F3,0xFF7D67F3,0xFF7965F4,0xFF7765F5,0xFF7464F4,0xFF7363F4,0xFF6B5BF5,0xFFCDC9FA,0xFF9289F6,0xFF5E50F3,0xFF6E61F4,0xFF6F60F4,
0xFF8766E9,0xFF8D68ED,0xFF8863ED,0xFF8D6BEF,0xFFD8D3F7,0xFFA281EE,0xFF8D63EB,0xFF976FEC,0xFF996EED,0xFF9B70EC,0xFF9E71EC,0xFFA273EB,
0xFFA675ED,0xFFAA77ED,0xFFAD77ED,0xFFB37BEF,0xFFB67DEE,0xFFB77CED,0xFFBA81EE,0xFF8057A3,0xFF573870,0xFF63457C,0xFF4F3562,0xFF2D1D37,
0x000C070E,0x00000000,0x00000000,0x00020102,0x00010102,0x00000000,0x00000000,0x00000000,0x00000000,0x00000000,0x00000000,0x00000000,
0x00000000,0x00000000,0x00000000,0x00000000,0x00000000,0x00000000,0x00000000,0x00000000,0x00000000,0x00000000,0x00000000,0x00000000,
0x00000000,0x00000000,0x00000000,0x00000000,0x00000000,0x00000000,0x00000000,0x00000000,0x00000000,0x00000000,0x00000000,0x00000000,
0x00000000,0x00000000,0x00010000,0x00000000,0x00010000,0x00000000,0x00000000,0x00000000,0x00000000,0x00000000,0x00000000,0x00000000,
0x00000000,0x00000000,0x00000000,0x00000000,0x00000000,0x00000000,0x00000000,0x00000000,0x00000000,0x00000000,0x00000000,0x00000000,
0x00000000,0x00000000,0x00000000,0x00010000,0x00000000,0x00000000,0x00000000,0x00000000,0x00000000,0x00000000,0x00000000,0x00010000,
0x00000000,0x00000000,0x00000000,0x00000000,0x00000000,0x00010000,0x00000000,0x00000000,0x00000000,0x00000000,0x00000000,0x00000000,
0x00000000,0x00000000,0x00000000,0x00000000,0x00000000,0x00000000,0x00000000,0x00000000,0x00010000,0x00000000,0x00000000,0x00000000,
0x00010000,0x00000000,0x00000000,0x00000000,0x00000000,0x00010000,0x00000000,0x00000000,0x00000000,0x00000000,0x00000000,0x00000000,
0x00000000,0x00010101,0x00030204,0x00010101,0x00000000,0x00000000,0x00000000,0xFF161224,0xFF7E5EC8,0xFF9975F6,0xFF9471F1,0xFF9270F3,
0xFF8F6FF4,0xFF8A6DF3,0xFF876CF3,0xFF846AF3,0xFF8169F2,0xFF7D67F2,0xFF7A66F4,0xFF7766F4,0xFF7564F5,0xFF6451F4,0xFFA8A0F8,0xFFB7B2F8,
0xFF6155F4,0xFF6C5EF4,0xFF6C5EF5,0xFF6F60F4,0xFF8362E4,0xFF8B66EB,0xFF8B68EE,0xFF8662EE,0xFFA389F3,0xFFCEC4F6,0xFF8D64EB,0xFF9065EB,
0xFF986EEC,0xFF996FEC,0xFF9C70EC,0xFFA072EB,0xFFA574ED,0xFFA876ED,0xFFAB76EC,0xFFAF78ED,0xFFB27AED,0xFFB77CEE,0xFFBD81F1,0xFFB176E0,
0xFF453155,0x00000000,0x00000000,0x00000000,0x00000000,0x00030203,0x00020202,0x00000000,0x00000000,0x00000000,0x00000000,0x00000000,
0x00000000,0x00000000,0x00000000,0x00000000,0x00000000,0x00000000,0x00000000,0x00000000,0x00010000,0x00000000,0x00000000,0x00000000,
0x00000000,0x00000000,0x00000000,0x00000000,0x00000000,0x00000000,0x00010000,0x00000000,0x00000000,0x00000000,0x00000000,0x00000000,
0x00000000,0x00000000,0x00000000,0x00000000,0x00000000,0x00000000,0x00000000,0x00000000,0x00000000,0x00000000,0x00000000,0x00000000,
0x00000000,0x00000000,0x00000000,0x00000000,0x00000000,0x00000000,0x00000000,0x00010000,0x00000000,0x00000000,0x00000000,0x00000000,
0x00000000,0x00000000,0x00000000,0x00000000,0x00000000,0x00000000,0x00000000,0x00000000,0x00000000,0x00000000,0x00000000,0x00000000,
0x00000000,0x00000000,0x00000000,0x00000000,0x00000000,0x00010000,0x00000000,0x00000000,0x00000000,0x00010000,0x00000000,0x00000000,
0x00000000,0x00000000,0x00000000,0x00000000,0x00010000,0x00000000,0x00010000,0x00010000,0x00000000,0x00000000,0x00000000,0x00000000,
0x00000000,0x00000000,0x00010000,0x00000000,0x00000000,0x00000000,0x00000000,0x00000000,0x00000000,0x00000000,0x00000000,0x00000000,
0x00000000,0x00000000,0x00000000,0x00000000,0x00000000,0x00000000,0x00000000,0x00000000,0x00040304,0x00000000,0xFF2C1F42,0xFFA176F2,
0xFFA77FFF,0xFF9873F1,0xFF9674F3,0xFF9271F3,0xFF8E6FF3,0xFF8B6DF2,0xFF876DF2,0xFF856CF2,0xFF816AF1,0xFF7E68F2,0xFF7C68F3,0xFF7563F4,
0xFF8373F6,0xFFBCB4F8,0xFFC6C1F7,0xFF6C5FF2,0xFF6A5DF4,0xFF6D5FF4,0xFF6D60F4,0xFF6F60F2,0xFF8161E1,0xFF8A66EB,0xFF8B67EE,0xFF8C69ED,
0xFF835CEE,0xFFB8A6F5,0xFFD6CDF7,0xFFAB8DEF,0xFF9368EB,0xFF986FEC,0xFF9A6FEC,0xFF9E72ED,0xFFA374ED,0xFFA776ED,0xFFAA77ED,0xFFAE77ED,
0xFFB17AEE,0xFFB57DEE,0xFFB77DEC,0xFFBF83F2,0xFFD08FFF,0xFF644380,0x00000000,0x00060406,0x00010101,0x00000000,0x00000000,0x00000000,
0x00010000,0x00000000,0x00000000,0x00000000,0x00000000,0x00000000,0x00000000,0x00010000,0x00000000,0x00000000,0x00000000,0x00010000,
0x00000000,0x00000000,0x00000000,0x00000000,0x00010000,0x00010000,0x00000000,0x00010000,0x00000000,0x00000000,0x00000000,0x00000000,
0x00000000,0x00000000,0x00000000,0x00000000,0x00000000,0x00000000,0x00000000,0x00000000,0x00010000,0x00000000,0x00000000,0x00000000,
0x00000000,0x00000000,0x00000000,0x00000000,0x00000000,0x00000000,0x00000000,0x00000000,0x00000000,0x00000000,0x00000000,0x00000000,
0x00000000,0x00000000,0x00000000,0x00000000,0x00000000,0x00000000,0x00000000,0x00000000,0x00000000,0x00000000,0x00000000,0x00000000,
0x00000000,0x00000000,0x00000000,0x00000000,0x00000000,0x00000000,0x00000000,0x00000000,0x00000000,0x00000000,0x00000000,0x00000000,
0x00000000,0x00000000,0x00000000,0x00000000,0x00000000,0x00000000,0x00000000,0x00010000,0x00000000,0x00010000,0x00000000,0x00000000,
0x00000000,0x00000000,0x00010000,0x00010000,0x00000000,0x00000000,0x00000000,0x00000000,0x00000000,0x00000000,0x00000000,0x00000000,
0x00000000,0x00000000,0x00000000,0x00000000,0x00000000,0x00000000,0x00000000,0x00000000,0x00000000,0x00000000,0x00000000,0x00010102,
0x00000000,0xFF1E142C,0xFFA278ED,0xFFA37AF8,0xFF9B75EF,0xFF9B76F3,0xFF9674F2,0xFF9272F3,0xFF8F70F2,0xFF8B6FF2,0xFF886EF2,0xFF856CF2,
0xFF826AF2,0xFF7F69F3,0xFF7D69F3,0xFF6F5DF4,0xFFB6AEF8,0xFFFEFFF8,0xFFC0BAF6,0xFF6456F3,0xFF6F61F4,0xFF6E60F4,0xFF6F60F4,0xFF6E5FF1,
0xFF8060DF,0xFF8A66EB,0xFF8967EC,0xFF8A68EC,0xFF835FED,0xFFA68DF4,0xFFF3F6F9,0xFFE0DCF6,0xFF9872EE,0xFF956CED,0xFF9A6FED,0xFF9D71ED,
0xFFA173ED,0xFFA575ED,0xFFA976EE,0xFFAC78EE,0xFFB07AEE,0xFFB37CEE,0xFFB77EEE,0xFFBA7FED,0xFFBB7FEC,0xFFD08EFF,0xFF553A6A,0x00000000,
0x00030203,0x00000000,0x00000000,0x00000000,0x00000000,0x00000000,0x00000000,0x00000000,0x00000000,0x00000000,0x00000000,0x00000000,
0x00000000,0x00000000,0x00000000,0x00000000,0x00000000,0x00000000,0x00000000,0x00010000,0x00010000,0x00000000,0x00000000,0x00000000,
0x00000000,0x00000000,0x00000000,0x00000000,0x00000000,0x00000000,0x00010000,0x00000000,0x00000000,0x00000000,0x00000000,0x00000000,
0x00000000,0x00000000,0x00000000,0x00000000,0x00010000,0x00000000,0x00010000,0x00000000,0x00000000,0x00000000,0x00010000,0x00000000,
0x00000000,0x00000000,0x00000000,0x00000000,0x00000000,0x00000000,0x00000000,0x00000000,0x00000000,0x00000000,0x00000000,0x00000000,
0x00000000,0x00000000,0x00000000,0x00010000,0x00000000,0x00000000,0x00000000,0x00000000,0x00000000,0x00000000,0x00000000,0x00000000,
0x00010000,0x00000000,0x00000000,0x00000000,0x00000000,0x00000000,0x00000000,0x00000000,0x00000000,0x00000000,0x00000000,0x00000000,
0x00000000,0x00000000,0x00000000,0x00000000,0x00000000,0x00000000,0x00000000,0x00000000,0x00000000,0x00000000,0x00000000,0x00000000,
0x00000000,0x00000000,0x00000000,0x00000000,0x00010000,0x00000000,0x00000000,0x00000000,0x00000000,0x00000000,0x00000000,0x00000000,
0x00000000,0x00000000,0x00010101,0x00010102,0x0009060D,0xFF8D65CF,0xFFAA7FFC,0xFF9F78EF,0xFF9F78F3,0xFF9B76F2,0xFF9774F2,0xFF9373F2,
0xFF9071F2,0xFF8C6FF3,0xFF896EF2,0xFF866CF2,0xFF826BF2,0xFF7F69F3,0xFF7C68F3,0xFF7461F4,0xFF8F81F8,0xFFC7C2F7,0xFF9185F5,0xFF6A5BF4,
0xFF7061F4,0xFF6F61F4,0xFF7060F5,0xFF6E5FF1,0xFF8060DE,0xFF8B66EB,0xFF8866EB,0xFF8867EC,0xFF8765EE,0xFF8F71F1,0xFFC4B8F5,0xFFB7A4F3,
0xFF906AEE,0xFF956FEF,0xFF9870EE,0xFF9C72EE,0xFFA073EE,0xFFA375ED,0xFFA777EE,0xFFAB78EE,0xFFAE7AEE,0xFFB27BEE,0xFFB67EEE,0xFFB980EF,
0xFFBC81EE,0xFFBE82EE,0xFFC684F8,0xFF2F1F3B,0x00000000,0x00030103,0x00000000,0x00000000,0x00000000,0x00000000,0x00000000,0x00000000,
0x00010000,0x00000000,0x00010000,0x00000000,0x00000000,0x00010000,0x00010000,0x00000000,0x00000000,0x00000000,0x00000000,0x00000000,
0x00000000,0x00000000,0x00000000,0x00000000,0x00000000,0x00000000,0x00000000,0x00000000,0x00000000,0x00000000,0x00010000,0x00000000,
0x00010000,0x00000000,0x00000000,0x00000000,0x00000000,0x00000000,0x00010000,0x00000000,0x00000000,0x00000000,0x00000000,0x00000000,
0x00000000,0x00000000,0x00000000,0x00000000,0x00000000,0x00000000,0x00000000,0x00000000,0x00000000,0x00000000,0x00000000,0x00000000,
0x00000000,0x00000000,0x00000000,0x00000000,0x00000000,0x00000000,0x00000000,0x00000000,0x00000000,0x00000000,0x00000000,0x00000000,
0x00000000,0x00000000,0x00000000,0x00010000,0x00000000,0x00000000,0x00000000,0x00010000,0x00000000,0x00000100,0x00000000,0x00000000,
0x00000000,0x00000000,0x00000000,0x00000000,0x00000000,0x00000000,0x00000000,0x00000000,0x00000000,0x00000000,0x00000000,0x00000000,
0x00000000,0x00000000,0x00010000,0x00000000,0x00000000,0x00000000,0x00000000,0x00000000,0x00000000,0x00000000,0x00000000,0x00000000,
0x00000000,0x00010000,0x00000000,0x00000000,0x00000000,0x00000000,0x00020203,0x00000000,0xFF5C4087,0xFFB384FF,0xFFA179EE,0xFFA37AF3,
0xFF9F78F3,0xFF9C76F2,0xFF9875F2,0xFF9473F2,0xFF9072F3,0xFF8D70F2,0xFF896FF2,0xFF866DF3,0xFF826BF3,0xFF7F69F3,0xFF7D68F3,0xFF7A67F4,
0xFF725FF5,0xFF6D5CF4,0xFF6E5DF5,0xFF7162F4,0xFF7061F4,0xFF7161F3,0xFF7161F4,0xFF7162F3,0xFF8060DB,0xFF8B65EA,0xFF8967ED,0xFF8866EC,
0xFF8968EE,0xFF8765EF,0xFF8461EE,0xFF8663EE,0xFF8E6AEF,0xFF936DEF,0xFF976FEF,0xFF9B71EE,0xFF9F73EE,0xFFA375EE,0xFFA676EE,0xFFAA78EF,
0xFFAD79EE,0xFFB07AEE,0xFFB47DEE,0xFFB87FEF,0xFFBB81EF,0xFFBB7FEC,0xFFC888F8,0xFFA772CE,0x0009060B,0x00020102,0x00010001,0x00000000,
0x00000000,0x00010000,0x00010000,0x00000000,0x00010000,0x00000000,0x00000000,0x00000000,0x00000000,0x00000000,0x00000000,0x00000000,
0x00000000,0x00000000,0x00000000,0x00000000,0x00000000,0x00000000,0x00000000,0x00000000,0x00000000,0x00000000,0x00000000,0x00000000,
0x00000000,0x00000000,0x00000000,0x00000000,0x00000000,0x00000000,0x00000000,0x00000000,0x00000000,0x00000000,0x00000000,0x00010000,
0x00000000,0x00000000,0x00000000,0x00000000,0x00000000,0x00000000,0x00000000,0x00000000,0x00000000,0x00000000,0x00000000,0x00000000,
0x00000000,0x00010000,0x00000000,0x00000000,0x00000000,0x00000000,0x00000000,0x00000000,0x00000000,0x00000000,0x00000000,0x00000000,
0x00000000,0x00000000,0x00000000,0x00000000,0x00000000,0x00000000,0x00000000,0x00000000,0x00000000,0x00000000,0x00000000,0x00000000,
0x00000000,0x00000000,0x00000000,0x00000000,0x00000000,0x00000000,0x00000000,0x00000000,0x00000000,0x00000000,0x00000000,0x00000000,
0x00010000,0x00000000,0x00000000,0x00000000,0x00000000,0x00000000,0x00000000,0x00000000,0x00000000,0x00000000,0x00000000,0x00000000,
0x00000000,0x00000000,0x00000000,0x00000000,0x00000000,0x00000000,0x00000000,0x00000000,0x00000000,0x00010102,0x00000000,0xFF1B1226,
0xFFA97BF2,0xFFA77BF4,0xFFA57BF3,0xFFA37AF3,0xFF9F79F2,0xFF9C77F2,0xFF9975F2,0xFF9473F2,0xFF9172F3,0xFF8D70F3,0xFF896FF3,0xFF876EF3,
0xFF836BF3,0xFF806AF3,0xFF7E69F4,0xFF7B67F4,0xFF7966F4,0xFF7765F4,0xFF7564F4,0xFF7463F4,0xFF7463F4,0xFF7463F4,0xFF7463F4,0xFF7564F4,
0xFF8161D9,0xFF8C66E9,0xFF8B68ED,0xFF8A68ED,0xFF8967ED,0xFF8A69EE,0xFF8B6AEE,0xFF8C6AEE,0xFF8F6CEE,0xFF936EEF,0xFF9670EE,0xFF9A71EE,
0xFF9E73EF,0xFFA276EF,0xFFA677EF,0xFFA979EE,0xFFAC7AEF,0xFFAF7BEE,0xFFB37DEF,0xFFB77FEE,0xFFBA80EE,0xFFBD81EF,0xFFBD81EC,0xFFD492FF,
0xFF563A6A,0x00000000,0x00030204,0x00000000,0x00000000,0x00000000,0x00000000,0x00000000,0x00000000,0x00000000,0x00000000,0x00000000,
0x00000000,0x00010000,0x00000000,0x00000000,0x00000000,0x00000000,0x00000000,0x00000000,0x00010000,0x00000000,0x00000000,0x00000000,
0x00000000,0x00000000,0x00000000,0x00000000,0x00000000,0x00000000,0x00000000,0x00000000,0x00000000,0x00000000,0x00000000,0x00000000,
0x00010000,0x00000000,0x00000000,0x00000000,0x00000000,0x00000000,0x00010000,0x00000000,0x00000000,0x00000000,0x00000000,0x00010000,
0x00000000,0x00000000,0x00010000,0x00000000,0x00000000,0x00000000,0x00000000,0x00000000,0x00000000,0x00000000,0x00000000,0x00000000,
0x00000000,0x00000000,0x00000000,0x00000000,0x00000000,0x00000000,0x00000000,0x00000000,0x00000000,0x00010000,0x00000000,0x00000000,
0x00010000,0x00000000,0x00000000,0x00010000,0x00000000,0x00000000,0x00000000,0x00000000,0x00000000,0x00000000,0x00000000,0x00000000,
0x00000000,0x00000000,0x00000000,0x00000000,0x00000000,0x00000000,0x00000000,0x00000000,0x00000000,0x00000000,0x00000000,0x00000000,
0x00000000,0x00000000,0x00000000,0x00000000,0x00000000,0x00000000,0x00000000,0x00000000,0x00000000,0x00000000,0x00000000,0x00000000,
0x00000000,0x00020203,0x00000000,0xFF62468C,0xFFB686FF,0xFFA67BF0,0xFFA67BF3,0xFFA37AF2,0xFFA079F2,0xFF9D78F2,0xFF9A76F3,0xFF9674F3,
0xFF9273F3,0xFF8E71F3,0xFF8A6FF3,0xFF876EF3,0xFF846CF3,0xFF826BF3,0xFF7F6AF4,0xFF7D69F4,0xFF7A67F4,0xFF7966F4,0xFF7865F3,0xFF7765F4,
0xFF7865F3,0xFF7865F4,0xFF7966F5,0xFF7966F3,0xFF8462D9,0xFF8E68E9,0xFF8D69ED,0xFF8C69EC,0xFF8B69EE,0xFF8B69ED,0xFF8C6AEE,0xFF8E6CEF,
0xFF916DEF,0xFF946FEF,0xFF9770EE,0xFF9A71EE,0xFF9E73EF,0xFFA276F0,0xFFA677EF,0xFFA979EF,0xFFAC7AEF,0xFFAF7BEF,0xFFB27DEF,0xFFB67FEF,
0xFFB980EF,0xFFBD82F0,0xFFC083EF,0xFFC987F8,0xFFA86FCF,0x00060308,0x00010001,0x00010001,0x00000000,0x00000000,0x00000000,0x00000000,
0x00000000,0x00000000,0x00000000,0x00000000,0x00000000,0x00000000,0x00000000,0x00000000,0x00000000,0x00000000,0x00000000,0x00000000,
0x00000000,0x00000000,0x00000000,0x00010000,0x00010000,0x00000000,0x00000000,0x00010000,0x00000000,0x00000000,0x00000000,0x00000000,
0x00000000,0x00000000,0x00010000,0x00000000,0x00000000,0x00000000,0x00000000,0x00000000,0x00000000,0x00000000,0x00000000,0x00010000,
0x00000000,0x00000000,0x00010000,0x00000000,0x00000000,0x00000000,0x00000000,0x00000000,0x00000000,0x00010000,0x00000000,0x00000000,
0x00000000,0x00000000,0x00000000,0x00000000,0x00000000,0x00000000,0x00000000,0x00000000,0x00000000,0x00000000,0x00000000,0x00000000,
0x00000000,0x00000000,0x00000000,0x00000000,0x00000000,0x00010000,0x00010000,0x00000000,0x00000000,0x00000000,0x00000000,0x00000000,
0x00000000,0x00000000,0x00000000,0x00000000,0x00010000,0x00000000,0x00000000,0x00000000,0x00000000,0x00010000,0x00010000,0x00000000,
0x00000000,0x00000000,0x00000000,0x00000000,0x00000000,0x00000000,0x00000000,0x00000000,0x00000000,0x00000000,0x00000000,0x00000000,
0x00000000,0x00000000,0x00000000,0x00000000,0x00000001,0x00000000,0x0009050C,0xFF976BDA,0xFFAE7FF8,0xFFA87CF2,0xFFA67CF3,0xFFA37BF2,
0xFFA079F2,0xFF9D78F3,0xFF9B76F4,0xFF9775F3,0xFF9373F3,0xFF9072F3,0xFF8C70F3,0xFF886FF4,0xFF856DF3,0xFF826CF4,0xFF806BF4,0xFF7E6AF4,
0xFF7C68F4,0xFF7B68F3,0xFF7B67F4,0xFF7A66F4,0xFF7B67F3,0xFF7C67F4,0xFF7D68F5,0xFF7E6AF4,0xFF8765D9,0xFF9069E8,0xFF8F6AED,0xFF8E6AEC,
0xFF8E6AED,0xFF8E6AED,0xFF8E6BED,0xFF906CEE,0xFF936FEF,0xFF9570EF,0xFF9871EF,0xFF9B73F0,0xFF9F74F0,0xFFA276F0,0xFFA778F0,0xFFA97AF0,
0xFFAC7BEF,0xFFAF7DF0,0xFFB37EF1,0xFFB580F0,0xFFB981F0,0xFFBC82F0,0xFFC083F0,0xFFBF82ED,0xFFCD8AFB,0xFF3D2949,0x00000000,0x00030203,
0x00000000,0x00000000,0x00000000,0x00000000,0x00000000,0x00000000,0x00000000,0x00000000,0x00000000,0x00000000,0x00000000,0x00000000,
0x00000000,0x00000000,0x00000000,0x00000000,0x00000000,0x00010000,0x00000000,0x00000000,0x00000000,0x00000000,0x00000000,0x00000000,
0x00000000,0x00000000,0x00000000,0x00010000,0x00000000,0x00000000,0x00000000,0x00000000,0x00000000,0x00000000,0x00000000,0x00000000,
0x00000000,0x00000000,0x00000000,0x00000000,0x00000000,0x00000000,0x00000000,0x00000000,0x00000000,0x00000000,0x00000000,0x00000000,
0x00000000,0x00010000,0x00000000,0x00000000,0x00000000,0x00000000,0x00000000,0x00000000,0x00000000,0x00000000,0x00000000,0x00010000,
0x00000000,0x00000000,0x00000000,0x00000000,0x00000000,0x00000000,0x00000000,0x00000000,0x00000000,0x00000000,0x00000000,0x00000000,
0x00000000,0x00000000,0x00000000,0x00000000,0x00000000,0x00000000,0x00000000,0x00000000,0x00000000,0x00000000,0x00000000,0x00000000,
0x00000000,0x00000000,0x00000000,0x00000000,0x00000000,0x00000000,0x00000000,0x00000000,0x00000000,0x00000000,0x00000000,0x00000000,
0x00000000,0x00000000,0x00000000,0x00000000,0x00000000,0x00000000,0x00000000,0x00000000,0x00020103,0x00000000,0xFF312246,0xFFB27FFC,
0xFFA87AF0,0xFFA97CF2,0xFFA77DF3,0xFFA47BF3,0xFFA17AF3,0xFF9E79F3,0xFF9B77F3,0xFF9775F3,0xFF9474F3,0xFF9173F3,0xFF8D71F3,0xFF8A6FF3,
0xFF866DF4,0xFF846CF3,0xFF816BF3,0xFF806AF3,0xFF7F69F3,0xFF7E69F4,0xFF7E69F3,0xFF7E68F3,0xFF7F69F4,0xFF8069F4,0xFF816BF5,0xFF826CF4,
0xFF8A67DA,0xFF9169E8,0xFF926CEE,0xFF916CEE,0xFF916CEE,0xFF916CED,0xFF916CED,0xFF926EEE,0xFF946FEE,0xFF9671EF,0xFF9972EF,0xFF9C74F0,
0xFF9F75F0,0xFFA377F1,0xFFA77AF1,0xFFAA7BF1,0xFFAC7AEF,0xFFAF7CF0,0xFFB27DF0,0xFFB57FF0,0xFFB881F0,0xFFBB82EF,0xFFBE82EF,0xFFBE81EC,
0xFFD292FF,0xFF775490,0x00000000,0x00030204,0x00000000,0x00000000,0x00000000,0x00000000,0x00000000,0x00000000,0x00000000,0x00000000,
0x00010000,0x00000000,0x00000000,0x00000000,0x00000000,0x00000000,0x00000000,0x00000000,0x00000000,0x00000000,0x00000000,0x00000000,
0x00000000,0x00000000,0x00000000,0x00000000,0x00000000,0x00000000,0x00000000,0x00000000,0x00000000,0x00000000,0x00000000,0x00000000,
0x00000000,0x00000000,0x00000000,0x00000000,0x00000000,0x00000000,0x00000000,0x00000000,0x00000000,0x00000000,0x00000000,0x00000000,
0x00000000,0x00010000,0x00000000,0x00000000,0x00010000,0x00000000,0x00000000,0x00000000,0x00000000,0x00000000,0x00000000,0x00000000,
0x00000000,0x00000000,0x00000000,0x00000000,0x00000000,0x00000000,0x00000000,0x00000000,0x00000000,0x00000000,0x00000000,0x00000000,
0x00000000,0x00000000,0x00000000,0x00000000,0x00000000,0x00000000,0x00000000,0x00000000,0x00000000,0x00000000,0x00000000,0x00000000,
0x00000000,0x00000000,0x00010000,0x00000000,0x00010000,0x00000000,0x00000000,0x00000000,0x00000000,0x00000000,0x00000000,0x00000000,
0x00000000,0x00000000,0x00000000,0x00000000,0x00000000,0x00000000,0x00000000,0x00000000,0x00000000,0x00000000,0x00000000,0x00000000,
0x00030204,0x00000000,0xFF593F7E,0xFFB985FF,0xFFA87AEF,0xFFAA7DF2,0xFFA87DF2,0xFFA67DF3,0xFFA27BF3,0xFF9F79F3,0xFF9C78F4,0xFF9976F4,
0xFF9675F4,0xFF9373F4,0xFF8F72F3,0xFF8C70F3,0xFF896EF3,0xFF876DF3,0xFF846CF3,0xFF836CF3,0xFF826BF3,0xFF816BF3,0xFF816AF3,0xFF826AF3,
0xFF826AF3,0xFF846BF4,0xFF856CF5,0xFF846CF4,0xFF8D68DD,0xFF956DEA,0xFF946EEF,0xFF946EEE,0xFF936DED,0xFF946EEE,0xFF946FEE,0xFF956FED,
0xFF9771EE,0xFF9871EE,0xFF9B73EF,0xFF9E75EF,0xFFA176F0,0xFFA478F1,0xFFA77BF1,0xFFA97BF0,0xFFAC7BF0,0xFFAF7BF0,0xFFB27DF0,0xFFB57FF0,
0xFFB881F0,0xFFBB82F0,0xFFBE83F0,0xFFC084EE,0xFFCD8DFB,0xFF9E6BC1,0x00000001,0x00010101,0x00010000,0x00000000,0x00000000,0x00000000,
0x00000000,0x00000000,0x00000000,0x00010000,0x00000000,0x00000000,0x00000000,0x00000000,0x00000000,0x00010000,0x00000000,0x00000000,
0x00000000,0x00000000,0x00000000,0x00000000,0x00000000,0x00000000,0x00000000,0x00000000,0x00000000,0x00000000,0x00000000,0x00000000,
0x00010000,0x00000000,0x00000000,0x00010000,0x00000000,0x00000000,0x00000000,0x00000000,0x00000000,0x00000000,0x00000000,0x00000000,
0x00000000,0x00000000,0x00000000,0x00010000,0x00000000,0x00000000,0x00000000,0x00000000,0x00000000,0x00000000,0x00000000,0x00000000,
0x00000000,0x00000000,0x00000000,0x00000000,0x00010000,0x00000000,0x00000000,0x00000000,0x00000000,0x00000000,0x00000000,0x00000000,
0x00000000,0x00000000,0x00000000,0x00000000,0x00010000,0x00000000,0x00000000,0x00000000,0x00000000,0x00000000,0x00000000,0x00000000,
0x00000000,0x00000000,0x00000000,0x00000000,0x00000000,0x00000000,0x00000000,0x00000000,0x00000000,0x00000000,0x00000000,0x00010000,
0x00010000,0x00000000,0x00000000,0x00000000,0x00000000,0x00000000,0x00000000,0x00000000,0x00000000,0x00000000,0x00000000,0x00000000,
0x00000000,0x00000000,0x00000000,0x00010000,0x00020203,0x00000000,0xFF7651A9,0xFFB883FF,0xFFAB7CF0,0xFFAB7EF3,0xFFA97EF2,0xFFA67DF3,
0xFFA37BF3,0xFFA17AF4,0xFF9E79F4,0xFF9B78F4,0xFF9876F3,0xFF9575F4,0xFF9173F4,0xFF8F72F3,0xFF8D70F3,0xFF8B6FF3,0xFF886EF4,0xFF876EF3,
0xFF866DF4,0xFF866DF3,0xFF866CF3,0xFF866CF3,0xFF876DF4,0xFF876DF4,0xFF886EF5,0xFF886EF4,0xFF906AE0,0xFF9970ED,0xFF966FEF,0xFF956EED,
0xFF956FEE,0xFF9670EE,0xFF9871EE,0xFF9971EF,0xFF9A72EE,0xFF9B73EE,0xFF9E74EF,0xFFA075EF,0xFFA378F0,0xFFA67AF1,0xFFA87BF0,0xFFAA7CF1,
0xFFAD7CF1,0xFFB07CF1,0xFFB27DF0,0xFFB580F0,0xFFB881F0,0xFFBC83F0,0xFFBF84F1,0xFFC185EF,0xFFC888F5,0xFFB377DC,0x000B070E,0x00000000,
0x00010101,0x00000000,0x00010000,0x00000000,0x00010000,0x00000000,0x00000000,0x00000100,0x00010000,0x00010000,0x00000000,0x00000000,
0x00000000,0x00010000,0x00000000,0x00000000,0x00000000,0x00000000,0x00000000,0x00000000,0x00000000,0x00000000,0x00000000,0x00000000,
0x00000000,0x00000000,0x00000000,0x00000000,0x00010000,0x00000000,0x00000000,0x00010000,0x00000000,0x00000000,0x00000000,0x00000000,
0x00000000,0x00000000,0x00000000,0x00000000,0x00000000,0x00000000,0x00000000,0x00000000,0x00000000,0x00000000,0x00000000,0x00000000,
0x00000000,0x00000000,0x00000000,0x00000000,0x00000000,0x00000000,0x00000000,0x00000000,0x00000000,0x00000000,0x00000000,0x00000000,
0x00000000,0x00000000,0x00000000,0x00000000,0x00000000,0x00000000,0x00000000,0x00000000,0x00000000,0x00000000,0x00000000,0x00000000,
0x00000000,0x00000000,0x00000000,0x00000000,0x00000000,0x00000000,0x00010000,0x00000000,0x00000000,0x00000000,0x00000000,0x00000000,
0x00000000,0x00000000,0x00000000,0x00000000,0x00000000,0x00000000,0x00000000,0x00000000,0x00000000,0x00000000,0x00000000,0x00000000,
0x00000000,0x00000000,0x00000000,0x00000000,0x00000000,0x00000000,0x00000000,0x00000000,0x00010101,0x00000000,0xFF885EC0,0xFFB783FF,
0xFFAD7DF1,0xFFAC7FF4,0xFFA97EF3,0xFFA77DF3,0xFFA47CF3,0xFFA27BF4,0xFFA07AF4,0xFF9D79F4,0xFF9A78F3,0xFF9776F4,0xFF9475F4,0xFF9274F4,
0xFF9072F3,0xFF8F72F4,0xFF8C71F4,0xFF8B70F4,0xFF8A6FF4,0xFF896FF3,0xFF8A6EF3,0xFF8A6FF3,0xFF8B6FF4,0xFF8B70F4,0xFF8B6FF4,0xFF8E73F5,
0xFF9670E6,0xFF9A70ED,0xFF9971EF,0xFF9870EE,0xFF9870EE,0xFF9972EF,0xFF9B73EF,0xFF9C74EF,0xFF9C73EF,0xFF9E74EF,0xFFA075EF,0xFFA277F0,
0xFFA478F0,0xFFA77BF1,0xFFA97BF1,0xFFAC7CF1,0xFFAF7DF1,0xFFB17EF1,0xFFB37FF1,0xFFB680F1,0xFFB981F1,0xFFBC83F1,0xFFBF84F1,0xFFC185EF,
0xFFC585F2,0xFFC081EC,0xFF1C1222,0x00000000,0x00020102,0x00000000,0x00000000,0x00000000,0x00000000,0x00000000,0x00000000,0x00000000,
0x00000000,0x00000000,0x00000000,0x00000000,0x00000000,0x00000000,0x00000000,0x00000000,0x00000000,0x00000000,0x00000000,0x00000000,
0x00000000,0x00000000,0x00000000,0x00000000,0x00000000,0x00000000,0x00000000,0x00000000,0x00000000,0x00000000,0x00000000,0x00000000,
0x00000000,0x00000000,0x00000000,0x00000000,0x00000000,0x00000000,0x00000000,0x00000000,0x00000000,0x00000000,0x00000000,0x00000000,
0x00000000,0x00000000,0x00000000,0x00000000,0x00000000,0x00010000,0x00000000,0x00000000,0x00000000,0x00000000,0x00000000,0x00010000,
0x00000000,0x00000000,0x00000000,0x00010000,0x00000000,0x00000000,0x00010000,0x00000000,0x00000000,0x00000000,0x00000000,0x00000000,
0x00000000,0x00000000,0x00000000,0x00000000,0x00000000,0x00000000,0x00000000,0x00000000,0x00000000,0x00000000,0x00010000,0x00000000,
0x00000000,0x00000000,0x00000000,0x00000000,0x00010000,0x00000000,0x00000000,0x00000000,0x00010000,0x00000000,0x00000000,0x00000000,
0x00000000,0x00000100,0x00000000,0x00000000,0x00000000,0x00010000,0x00000000,0x00000000,0x00000000,0x00000000,0x00000000,0x00000000,
0x00000000,0x00000000,0xFF9166C9,0xFFB783FD,0xFFAD7DF0,0xFFAD7EF3,0xFFAB7EF3,0xFFA97DF3,0xFFA67CF3,0xFFA37CF4,0xFFA17BF4,0xFF9F7AF4,
0xFF9D79F3,0xFF9A78F4,0xFF9776F3,0xFF9575F3,0xFF9373F3,0xFF9273F3,0xFF9073F4,0xFF8F72F4,0xFF8D71F3,0xFF8D70F3,0xFF8E70F3,0xFF8E71F3,
0xFF8F71F4,0xFF8F71F3,0xFF9475FB,0xFF846CE1,0xFF815FC5,0xFFA275F5,0xFF9C71EE,0xFF9C72EF,0xFF9C72EE,0xFF9D73EF,0xFF9E74EF,0xFF9E75F0,
0xFFA075F0,0xFFA175F0,0xFFA276EF,0xFFA578F0,0xFFA779F0,0xFFA97BF0,0xFFAB7BF0,0xFFAD7DF1,0xFFB07EF1,0xFFB37FF2,0xFFB480F1,0xFFB680F1,
0xFFB881F1,0xFFBB82F0,0xFFBE83F0,0xFFC084EF,0xFFC486F2,0xFFC587F1,0xFF23172A,0x00000000,0x00020102,0x00000000,0x00000000,0x00000000,
0x00000000,0x00000000,0x00000000,0x00000000,0x00000000,0x00000000,0x00000000,0x00000000,0x00000000,0x00010000,0x00000000,0x00000000,
0x00000000,0x00000000,0x00000000,0x00000000,0x00000000,0x00000000,0x00000000,0x00000000,0x00000000,0x00000000,0x00000000,0x00000000,
0x00000000,0x00000000,0x00010000,0x00010000,0x00000000,0x00000000,0x00000000,0x00010000,0x00000000,0x00000000,0x00000000,0x00000000,
0x00010000,0x00010000,0x00000000,0x00000000,0x00000000,0x00000000,0x00010000,0x00000000,0x00000000,0x00010000,0x00000000,0x00000000,
0x00000000,0x00000000,0x00000000,0x00000000,0x00000000,0x00000000,0x00010000,0x00000000,0x00010000,0x00000000,0x00000000,0x00000000,
0x00000000,0x00000000,0x00000000,0x00000000,0x00000000,0x00000000,0x00000000,0x00000000,0x00000000,0x00000000,0x00000000,0x00000000,
0x00000000,0x00000000,0x00000000,0x00000000,0x00000000,0x00000000,0x00000000,0x00000000,0x00010000,0x00010000,0x00010001,0x00010101,
0x00010101,0x00010001,0x00000000,0x00000000,0x00000000,0x00000100,0x00000000,0x00000000,0x00000000,0x00010000,0x00000000,0x00000000,
0x00000000,0x00000000,0x00000000,0x00000000,0x00010101,0x00000000,0xFF8F66C3,0xFFB884FE,0xFFAD7CF0,0xFFAD7EF2,0xFFAC7FF3,0xFFAB7EF3,
0xFFA87DF3,0xFFA57DF4,0xFFA37CF4,0xFFA17BF3,0xFF9F7AF4,0xFF9C79F4,0xFF9A77F3,0xFF9877F3,0xFF9776F4,0xFF9575F3,0xFF9474F3,0xFF9373F4,
0xFF9273F3,0xFF9272F3,0xFF9273F3,0xFF9373F3,0xFF9374F4,0xFF9273F2,0xFF9F7DFF,0xFF6653AE,0xFF4A3571,0xFFAC7DFF,0xFF9D72EC,0xFF9F73EE,
0xFF9F73EF,0xFF9F74EF,0xFFA175EF,0xFFA176EF,0xFFA377EF,0xFFA478F0,0xFFA678F1,0xFFA779F1,0xFFA97AF0,0xFFAB7CF1,0xFFAD7DF1,0xFFAE7DF1,
0xFFB17EF1,0xFFB37FF1,0xFFB580F1,0xFFB680F1,0xFFB881F0,0xFFBB81F0,0xFFBE83F0,0xFFC085F0,0xFFC587F3,0xFFC588EF,0xFF1E1424,0x00000000,
0x00020102,0x00000000,0x00000000,0x00000000,0x00000000,0x00000000,0x00000000,0x00000000,0x00000000,0x00000000,0x00000000,0x00000000,
0x00000000,0x00000000,0x00000001,0x00000001,0x00010101,0x00010101,0x00000000,0x00010000,0x00000000,0x00000000,0x00000000,0x00000000,
0x00010000,0x00000000,0x00000000,0x00000000,0x00000000,0x00000000,0x00000000,0x00000000,0x00000000,0x00000000,0x00000000,0x00000000,
0x00000000,0x00000000,0x00000000,0x00000000,0x00000000,0x00000000,0x00000000,0x00000000,0x00000000,0x00000000,0x00010000,0x00000000,
0x00010000,0x00000000,0x00000000,0x00000000,0x00000000,0x00000000,0x00000000,0x00000000,0x00000000,0x00000000,0x00000000,0x00000000,
0x00000000,0x00000000,0x00000000,0x00000000,0x00000000,0x00000000,0x00000000,0x00000000,0x00000000,0x00000000,0x00000000,0x00000000,
0x00000000,0x00000000,0x00000000,0x00000000,0x00000000,0x00000000,0x00000000,0x00010000,0x00000000,0x00000000,0x00000000,0x00000000,
0x00000000,0x00010101,0x00000000,0x00000000,0x00000000,0x00000000,0x00020102,0x00020204,0x00020203,0x00010102,0x00000000,0x00000000,
0x00000000,0x00000000,0x00000000,0x00000000,0x00000000,0x00000000,0x00000000,0x00000000,0x00020102,0x00000000,0xFF8159B2,0xFFBA84FF,
0xFFAF7DF0,0xFFB07FF3,0xFFAE80F3,0xFFAC7FF3,0xFFA97EF3,0xFFA77DF3,0xFFA57CF3,0xFFA37BF3,0xFFA17AF4,0xFF9E79F3,0xFF9C79F3,0xFF9B78F3,
0xFF9A78F3,0xFF9977F3,0xFF9676F3,0xFF9675F3,0xFF9775F4,0xFF9775F4,0xFF9775F3,0xFF9775F4,0xFF9775F4,0xFF9574F1,0xFFA481FF,0xFF403269,
0xFF160F20,0xFFA97BF9,0xFFA074EE,0xFFA175EF,0xFFA275EF,0xFFA276EF,0xFFA377EF,0xFFA477EF,0xFFA578F0,0xFFA779F1,0xFFA87AF1,0xFFA97AF1,
0xFFAA7BF0,0xFFAC7CF1,0xFFAE7DF1,0xFFB07EF1,0xFFB27FF2,0xFFB480F2,0xFFB680F1,0xFFB781F1,0xFFBA81F1,0xFFBC82F1,0xFFBF83F1,0xFFC085F0,
0xFFC889F5,0xFFB87BE2,0x000E0812,0x00000000,0x00010101,0x00010000,0x00000000,0x00000000,0x00000000,0x00000000,0x00000000,0x00000000,
0x00000000,0x00000000,0x00010102,0x00020203,0x00020204,0x00020102,0x00000000,0x00000000,0x00000000,0x00000000,0x00010101,0x00000000,
0x00000000,0x00000000,0x00000000,0x00000000,0x00000000,0x00000000,0x00000000,0x00000000,0x00000000,0x00000000,0x00000000,0x00000000,
0x00000000,0x00000000,0x00000000,0x00000000,0x00000000,0x00000000,0x00000000,0x00000000,0x00000000,0x00000000,0x00000000,0x00000000,
0x00000000,0x00010000,0x00000000,0x00000000,0x00000000,0x00000000,0x00000000,0x00000000,0x00000000,0x00000000,0x00000000,0x00000000,
0x00000000,0x00000000,0x00000000,0x00000000,0x00000000,0x00000000,0x00000000,0x00000000,0x00000000,0x00000000,0x00000000,0x00000000,
0x00000000,0x00000000,0x00000000,0x00000000,0x00000000,0x00000000,0x00000000,0x00000000,0x00000000,0x00000000,0x00000000,0x00000000,
0x00000000,0x00000000,0x00000000,0x00000000,0x00000000,0x00000000,0x00050407,0x000F0F17,0x0007060B,0x00010101,0x00000000,0x00000000,
0x00000000,0x00000000,0x00000000,0x00020204,0x00010102,0x00000000,0x00000000,0x00000000,0x00000000,0x00000000,0x00000000,0x00000000,
0x00030204,0x00000000,0xFF6A4892,0xFFBF87FF,0xFFB07EEF,0xFFB180F3,0xFFB081F3,0xFFAE80F3,0xFFAA7FF3,0xFFA97EF3,0xFFA77DF3,0xFFA57DF4,
0xFFA27BF4,0xFFA17BF4,0xFF9F7AF3,0xFF9E7AF3,0xFF9D79F3,0xFF9C78F3,0xFF9A77F3,0xFF9A78F3,0xFF9B78F4,0xFF9B77F4,0xFF9B77F3,0xFF9B77F3,
0xFF9C77F4,0xFF9D78F7,0xFF9572EC,0xFF140F1C,0x00000000,0xFF7A54B5,0xFFAB7AFB,0xFFA376ED,0xFFA476EF,0xFFA577EF,0xFFA678EF,0xFFA779F0,
0xFFA87AF0,0xFFAA7AF1,0xFFAA7BF1,0xFFAC7CF0,0xFFAD7CF1,0xFFAF7DF1,0xFFB07EF0,0xFFB27FF1,0xFFB480F1,0xFFB681F1,0xFFB881F1,0xFFB982F1,
0xFFBB83F1,0xFFBD83F1,0xFFC084F1,0xFFC184EE,0xFFCB8BFB,0xFFA56DC9,0x00020102,0x00000000,0x00010000,0x00000000,0x00000000,0x00000000,
0x00000000,0x00000000,0x00000000,0x00010102,0x00020204,0x00000001,0x00000000,0x00000000,0x00000000,0x00000000,0x00010000,0x0006060A,
0x000E0E15,0x00050407,0x00000000,0x00000000,0x00000000,0x00000000,0x00000000,0x00000000,0x00000000,0x00000000,0x00000000,0x00000000,
0x00000000,0x00000000,0x00000000,0x00000000,0x00000000,0x00000000,0x00000000,0x00000000,0x00010000,0x00000000,0x00000000,0x00000000,
0x00000000,0x00000000,0x00000000,0x00000000,0x00000000,0x00000000,0x00000000,0x00000000,0x00000000,0x00000000,0x00000000,0x00000000,
0x00000000,0x00010000,0x00000000,0x00000000,0x00010000,0x00000000,0x00000000,0x00000000,0x00000000,0x00000000,0x00010000,0x00010000,
0x00000000,0x00000000,0x00000000,0x00000000,0x00000000,0x00000000,0x00000000,0x00000000,0x00000000,0x00000000,0x00000000,0x00000000,
0x00000000,0x00000000,0x00000000,0x00000000,0x00000000,0x00000000,0x00000000,0x00010102,0x00000000,0xFF141322,0xFF7A7CD3,0xFF8A8CEC,
0xFF7D7FDE,0xFF7577CD,0xFF6164B0,0xFF494C86,0xFF2F3157,0xFF131422,0x00000000,0x00000000,0x00000000,0x00010101,0x00020203,0x00000001,
0x00000000,0x00000000,0x00000000,0x00000000,0x00030204,0x00000000,0xFF4A3164,0xFFC287FF,0xFFB380F0,0xFFB381F3,0xFFB181F2,0xFFAF80F3,
0xFFAD7FF3,0xFFAB7EF3,0xFFA97EF4,0xFFA87DF4,0xFFA57DF3,0xFFA47CF4,0xFFA27CF4,0xFFA17BF2,0xFFA07AF3,0xFF9F7AF3,0xFF9E79F3,0xFF9E79F3,
0xFF9F79F4,0xFF9F79F4,0xFF9F79F3,0xFF9F78F4,0xFF9D77F0,0xFFAF87FF,0xFF584288,0x00000000,0x00010102,0xFF2B1D3F,0xFFB07FFC,0xFFA678EE,
0xFFA778F0,0xFFA779EF,0xFFA97AF0,0xFFAA7BF0,0xFFAB7CF0,0xFFAC7CF0,0xFFAD7CF0,0xFFAE7DF0,0xFFB07DF1,0xFFB07EF1,0xFFB17EF0,0xFFB37FF1,
0xFFB580F1,0xFFB781F0,0xFFB982F1,0xFFBB82F1,0xFFBD83F0,0xFFBF84F1,0xFFC185F1,0xFFC184ED,0xFFD18EFF,0xFF82569F,0x00000000,0x00030203,
0x00000000,0x00000000,0x00000000,0x00000000,0x00010001,0x00020203,0x00010102,0x00000000,0x00000000,0x00000000,0xFF12121F,0xFF2E3052,
0xFF4C4E85,0xFF6466AF,0xFF7579CC,0xFF8185DE,0xFF8B8FEB,0xFF787BD1,0xFF121320,0x00000001,0x00010102,0x00000000,0x00000000,0x00000000,
0x00000000,0x00000000,0x00000000,0x00000000,0x00000000,0x00010000,0x00000000,0x00000000,0x00000000,0x00000000,0x00000000,0x00010000,
0x00000000,0x00010000,0x00000000,0x00000000,0x00000000,0x00000000,0x00000000,0x00000000,0x00000000,0x00000000,0x00000000,0x00000000,
0x00000000,0x00000000,0x00000000,0x00010000,0x00000000,0x00000000,0x00000000,0x00000000,0x00000000,0x00000000,0x00000000,0x00000000,
0x00000000,0x00000000,0x00000000,0x00000000,0x00000000,0x00000000,0x00000000,0x00000000,0x00000000,0x00000000,0x00000000,0x00000000,
0x00000000,0x00000000,0x00000000,0x00010000,0x00010000,0x00000000,0x00000000,0x00000000,0x00000000,0x00000000,0x00000000,0x00020203,
0x00000000,0xFF2E2E4E,0xFF9A9DFF,0xFF8B8DFB,0xFF9294FF,0xFF9193FF,0xFF9195FF,0xFF9197FF,0xFF8F95FF,0xFF868DF3,0xFF6A70C5,0xFF43487F,
0xFF1B1E32,0x00000000,0x00000000,0x00000000,0x00020203,0x00010101,0x00000000,0x00000000,0x00020102,0x00000000,0xFF22162C,0xFFB981F4,
0xFFB681F3,0xFFB582F3,0xFFB382F3,0xFFB181F3,0xFFAF80F2,0xFFAD7FF3,0xFFAB7FF4,0xFFAA7FF4,0xFFA87EF4,0xFFA67EF3,0xFFA57EF3,0xFFA47DF2,
0xFFA37BF2,0xFFA27CF3,0xFFA37CF4,0xFFA27BF4,0xFFA27BF3,0xFFA37BF4,0xFFA37BF4,0xFFA27AF2,0xFFA77DFA,0xFF9975E3,0x000F0B15,0x00000000,
0x00000000,0x00000000,0xFF7958AA,0xFFB683FF,0xFFA677EC,0xFFAB7CF1,0xFFAC7CF1,0xFFAE7DF2,0xFFAE7DF1,0xFFAF7DF0,0xFFAF7DF1,0xFFB07EF1,
0xFFB17EF1,0xFFB27EF1,0xFFB37FF0,0xFFB580F1,0xFFB781F1,0xFFB981F1,0xFFBB83F2,0xFFBD83F1,0xFFBF84F1,0xFFC185F1,0xFFC386F1,0xFFC284ED,
0xFFD594FF,0xFF533964,0x00000000,0x00040204,0x00010000,0x00000000,0x00000001,0x00020203,0x00000000,0x00000000,0x00000000,0xFF18192B,
0xFF44497B,0xFF686EC1,0xFF828AF1,0xFF9097FF,0xFF949AFF,0xFF9499FF,0xFF9398FF,0xFF9397FF,0xFF8E91FC,0xFF9DA1FF,0xFF2C2E48,0x00000000,
0x00020203,0x00010000,0x00000000,0x00000000,0x00000000,0x00000000,0x00000000,0x00000000,0x00000000,0x00000000,0x00000000,0x00000000,
0x00000000,0x00000000,0x00000000,0x00000000,0x00000000,0x00000000,0x00000000,0x00000000,0x00000000,0x00000000,0x00000000,0x00000000,
0x00000000,0x00000000,0x00000000,0x00010000,0x00000000,0x00000000,0x00000000,0x00000000,0x00000000,0x00000000,0x00000000,0x00000000,
0x00000000,0x00000000,0x00000000,0x00000000,0x00000000,0x00000000,0x00000000,0x00000000,0x00000000,0x00000000,0x00000000,0x00000000,
0x00000000,0x00000000,0x00010000,0x00000000,0x00000000,0x00010000,0x00000000,0x00000000,0x00000000,0x00000000,0x00000000,0x00000000,
0x00000000,0x00000000,0x00000000,0x00010101,0x00000000,0x000B0B16,0xFF8081E9,0xFF8F92FC,0xFF8C8EF7,0xFF8A8DF7,0xFF888CF7,0xFF868CF7,
0xFF858BF7,0xFF868DFC,0xFF8A92FF,0xFF8C96FF,0xFF848EFC,0xFF5F67BD,0xFF31365F,0x00050509,0x00000000,0x00000000,0x00020203,0x00000001,
0x00010000,0x00010101,0x00020103,0xFF986BC9,0xFFBE87FB,0xFFB581F1,0xFFB682F4,0xFFB381F3,0xFFB180F2,0xFFAF80F3,0xFFAC7FF3,0xFFAC7FF4,
0xFFAA7FF4,0xFFA97EF3,0xFFA87EF2,0xFFA77EF2,0xFFA57DF2,0xFFA67DF3,0xFFA67DF4,0xFFA67CF4,0xFFA67CF4,0xFFA67BF4,0xFFA67BF4,0xFFA77DF5,
0xFFAC81FE,0xFF2E2247,0x00000000,0xFF100B1B,0xFF0F0A1D,0x00000000,0xFF130D1A,0xFF9C6DDC,0xFFB27EF8,0xFFAC7BEF,0xFFB07EF2,0xFFB07EF1,
0xFFB17EF1,0xFFB17EF1,0xFFB27FF1,0xFFB37FF1,0xFFB37FF1,0xFFB47FF0,0xFFB580F1,0xFFB680F1,0xFFB881F1,0xFFBB82F2,0xFFBC83F1,0xFFBE84F1,
0xFFC185F1,0xFFC285F1,0xFFC486F1,0xFFC889F4,0xFFC486EE,0xFF1C1222,0x00000000,0x00020102,0x00000000,0x00020203,0x00000000,0x00000000,
0x00030306,0xFF2E3155,0xFF5F68B9,0xFF7F8BF7,0xFF8D98FF,0xFF8A93FF,0xFF8890FD,0xFF878DF7,0xFF898EF6,0xFF8B8FF7,0xFF8C90F7,0xFF8E92F7,
0xFF9397FD,0xFF8488E7,0x000B0B13,0x00000000,0x00010101,0x00000000,0x00000000,0x00000000,0x00000000,0x00000000,0x00000000,0x00000000,
0x00010000,0x00000000,0x00000000,0x00000000,0x00000000,0x00000000,0x00000000,0x00000000,0x00000000,0x00000000,0x00000000,0x00000000,
0x00000000,0x00000000,0x00000000,0x00000000,0x00000000,0x00000000,0x00000000,0x00000000,0x00010000,0x00000000,0x00010000,0x00000000,
0x00000000,0x00000000,0x00000000,0x00000000,0x00000000,0x00000000,0x00000000,0x00000000,0x00000000,0x00000000,0x00000000,0x00000000,
0x00000000,0x00000000,0x00000000,0x00000000,0x00000000,0x00000000,0x00000000,0x00000000,0x00000000,0x00000000,0x00000000,0x00000000,
0x00000000,0x00000000,0x00000000,0x00000000,0x00000000,0x00000000,0x00000000,0x00000000,0x00020102,0x00000000,0xFF6667B1,0xFF969AFF,
0xFF888CF6,0xFF8A8EFA,0xFF898EF9,0xFF888DFA,0xFF868DF9,0xFF848CF9,0xFF838BF8,0xFF8089F6,0xFF8088FA,0xFF8690FF,0xFF8591FF,0xFF6974D6,
0xFF393F70,0x0006070D,0x00000000,0x00010000,0x00010103,0x00040204,0x00000000,0xFF5A3E78,0xFFC78DFF,0xFFB782F0,0xFFB782F3,0xFFB482F3,
0xFFB281F3,0xFFB080F3,0xFFAF80F3,0xFFAE80F3,0xFFAC80F4,0xFFAC7FF3,0xFFAB7EF2,0xFFAA7EF2,0xFFAA7EF3,0xFFAA7EF3,0xFFA97DF4,0xFFA97DF3,
0xFFA97DF4,0xFFA87BF1,0xFFA97CF4,0xFFB88AFF,0xFF4A366B,0x00000000,0x00050409,0xFF4E3691,0xFF593FA5,0x000B0813,0x00000000,0xFF261A35,
0xFFB17FF2,0xFFB683F9,0xFFAE7CED,0xFFB27FF1,0xFFB37EF1,0xFFB47FF1,0xFFB47FF2,0xFFB580F1,0xFFB580F0,0xFFB680F0,0xFFB781F1,0xFFB881F1,
0xFFBB82F2,0xFFBD84F2,0xFFBE84F1,0xFFC085F1,0xFFC286F1,0xFFC386F1,0xFFC486EF,0xFFD493FE,0xFF9061AF,0x00000000,0x00030202,0x00010102,
0x00000001,0x00000000,0x00040508,0xFF383B68,0xFF6974D1,0xFF8491FF,0xFF8692FF,0xFF818BFB,0xFF818AF7,0xFF848DF8,0xFF878EF9,0xFF888EF9,
0xFF8A90F9,0xFF8C91F9,0xFF8E92F9,0xFF8D91F7,0xFF979CFF,0xFF6669B2,0x00000000,0x00020102,0x00000000,0x00000000,0x00000000,0x00000000,
0x00000000,0x00000000,0x00000000,0x00000000,0x00000000,0x00000000,0x00000000,0x00000000,0x00000000,0x00000000,0x00000000,0x00000000,
0x00000000,0x00010000,0x00000000,0x00000000,0x00000000,0x00000000,0x00000000,0x00000000,0x00000000,0x00000000,0x00010000,0x00000000,
0x00010000,0x00000000,0x00000000,0x00000100,0x00000000,0x00000000,0x00000000,0x00000000,0x00000000,0x00000000,0x00000000,0x00000000,
0x00010000,0x00000000,0x00000000,0x00000000,0x00000000,0x00000000,0x00000000,0x00000000,0x00000000,0x00000000,0x00000000,0x00000000,
0x00000000,0x00000000,0x00000000,0x00000000,0x00000000,0x00000000,0x00000000,0x00010000,0x00000000,0x00000000,0x00000000,0x00000000,
0x00020204,0x00000000,0xFF393964,0xFF9398FF,0xFF868BF6,0xFF898EF9,0xFF888DF9,0xFF878DF9,0xFF868CFA,0xFF848CFA,0xFF838BFA,0xFF828AFA,
0xFF8189FA,0xFF7E87F8,0xFF7A83F7,0xFF7F8AFF,0xFF828FFF,0xFF6773DA,0xFF323766,0x00010204,0x00000000,0x00040305,0x00010101,0xFF191120,
0xFFBC85F1,0xFFBB84F5,0xFFB882F2,0xFFB783F3,0xFFB481F2,0xFFB280F2,0xFFB180F3,0xFFB080F3,0xFFAF80F3,0xFFAE7FF3,0xFFAD7FF2,0xFFAD7FF2,
0xFFAD7FF3,0xFFAC7EF3,0xFFAD7EF4,0xFFAC7EF3,0xFFAA7BF0,0xFFB281FC,0xFFB383FD,0xFF4C366C,0x00000000,0x00010102,0x00080610,0xFF563DA2,
0xFF6045B3,0xFF100C1E,0x00010101,0x00000000,0xFF312442,0xFFAD7CEA,0xFFBC85FE,0xFFB17CED,0xFFB47FF0,0xFFB67FF1,0xFFB680F2,0xFFB780F1,
0xFFB881F1,0xFFB881F1,0xFFB981F1,0xFFBA82F1,0xFFBD83F2,0xFFBE84F1,0xFFC084F1,0xFFC285F2,0xFFC386F1,0xFFC688F2,0xFFC486EF,0xFFD693FF,
0xFF412D4F,0x00000101,0x00050407,0x00000000,0x00000000,0xFF2E325D,0xFF6C78D4,0xFF8492FF,0xFF818EFF,0xFF7D88F8,0xFF7D88F8,0xFF828CFB,
0xFF848DFA,0xFF858DFA,0xFF868EFA,0xFF888FF9,0xFF8A90F9,0xFF8C91F9,0xFF8E93FA,0xFF8C90F7,0xFF9A9FFF,0xFF41426A,0x00000000,0x00020204,
0x00000000,0x00000000,0x00010000,0x00000000,0x00000000,0x00000000,0x00000000,0x00000000,0x00000000,0x00000000,0x00000000,0x00000000,
0x00000000,0x00000000,0x00000000,0x00000000,0x00000000,0x00010000,0x00000000,0x00000000,0x00000000,0x00000000,0x00010000,0x00000000,
0x00000000,0x00000000,0x00000000,0x00000000,0x00010000,0x00000000,0x00000000,0x00000000,0x00000000,0x00000000,0x00000000,0x00000000,
0x00000000,0x00010000,0x00000000,0x00000000,0x00010000,0x00000000,0x00000000,0x00000000,0x00000000,0x00000000,0x00000000,0x00000000,
0x00000000,0x00000000,0x00000000,0x00000000,0x00000000,0x00000000,0x00000000,0x00000000,0x00000000,0x00010100,0x00000000,0x00000000,
0x00000000,0x00000000,0x00000000,0x00000000,0x00010102,0x00000000,0xFF11111F,0xFF878AF3,0xFF8A8FFD,0xFF878DF9,0xFF878CF9,0xFF868DFA,
0xFF858CF9,0xFF848BF9,0xFF828AF8,0xFF8189FA,0xFF8089FA,0xFF7E87F9,0xFF7D86FA,0xFF7A84F8,0xFF7680F6,0xFF7B86FF,0xFF7F8BFF,0xFF5F69C8,
0xFF232747,0x00000000,0x00000000,0x00000001,0xFF744E97,0xFFC789FF,0xFFB781ED,0xFFB882F2,0xFFB580F2,0xFFB480F2,0xFFB380F3,0xFFB280F3,
0xFFB180F4,0xFFB180F3,0xFFB080F3,0xFFB07FF3,0xFFAF7FF3,0xFFAE7EF2,0xFFAC7CF0,0xFFB280F8,0xFFBD89FF,0xFF9D71DB,0xFF312246,0x00000000,
0x00030204,0x00000000,0x00080611,0xFF5942AD,0xFF6148BA,0xFF0F0C1D,0x00000000,0x00040305,0x00000000,0xFF1C1427,0xFF8E63BF,0xFFC48AFF,
0xFFBC84F9,0xFFB57EEF,0xFFB67EEF,0xFFB87FF1,0xFFBA81F2,0xFFBA81F2,0xFFBB81F1,0xFFBD82F2,0xFFBF84F1,0xFFC084F2,0xFFC385F2,0xFFC486F1,
0xFFC687F1,0xFFC486EE,0xFFD18EFB,0xFF9E68C1,0x00060307,0x00010000,0x00000000,0xFF1D1F3C,0xFF5D67C1,0xFF7D8BFF,0xFF7F8CFF,0xFF7985F7,
0xFF7C88F9,0xFF7F8AFB,0xFF808AFA,0xFF828CFA,0xFF828CFA,0xFF848DFA,0xFF868EFA,0xFF8890FA,0xFF8990F9,0xFF8B91F9,0xFF8D93F9,0xFF8F94FC,
0xFF8E94F7,0xFF141523,0x00000000,0x00010102,0x00000000,0x00000000,0x00000000,0x00000000,0x00000000,0x00000000,0x00000000,0x00000000,
0x00000000,0x00000000,0x00000000,0x00000000,0x00000000,0x00000000,0x00000000,0x00000000,0x00000000,0x00000000,0x00000000,0x00000000,
0x00000000,0x00000000,0x00000000,0x00000000,0x00000000,0x00000000,0x00000000,0x00000000,0x00000000,0x00010000,0x00010000,0x00000000,
0x00000000,0x00000000,0x00000000,0x00000000,0x00000000,0x00000000,0x00000000,0x00000000,0x00000000,0x00000000,0x00000000,0x00000000,
0x00000000,0x00000000,0x00000000,0x00000000,0x00000000,0x00000000,0x00000000,0x00000000,0x00000000,0x00000000,0x00010000,0x00000000,
0x00000000,0x00000000,0x00000000,0x00000000,0x00000000,0x00000000,0x00000000,0x00000000,0x00000000,0x00010102,0x00000000,0xFF6365B5,
0xFF8F95FF,0xFF848AF7,0xFF858BFA,0xFF848BF9,0xFF838AF9,0xFF828AF9,0xFF8088F8,0xFF8088F9,0xFF7F87F9,0xFF7D86F9,0xFF7C85F9,0xFF7A84F9,
0xFF7983FA,0xFF7782F8,0xFF747FF7,0xFF7A86FF,0xFF7C89FF,0xFF4A529D,0x000C0D18,0x00000000,0xFF150D1D,0xFFB67EEC,0xFFC78EFF,0xFFB882F1,
0xFFB680EF,0xFFB47FEF,0xFFB37FEF,0xFFB27FF0,0xFFB27FF0,0xFFB17EEF,0xFFB17EEF,0xFFB17EF0,0xFFB280F4,0xFFB985FF,0xFFBF8AFF,0xFFAC7CEB,
0xFF624687,0x000C0912,0x00000000,0x00020203,0x00010001,0x00000000,0x00080611,0xFF5B44B5,0xFF664DC5,0xFF110E20,0x00000000,0x00010102,
0x00020203,0x00000000,0x00020102,0xFF543B6E,0xFFA776DB,0xFFC488FF,0xFFC387FE,0xFFBD82F5,0xFFBB81F0,0xFFBA7FEE,0xFFBB80EE,0xFFBD81EF,
0xFFBE82EE,0xFFC083EF,0xFFC284EE,0xFFC384EE,0xFFC787F1,0xFFCF8DFA,0xFFD996FF,0xFF352342,0x00000000,0x000B0A12,0xFF454B91,0xFF7784FC,
0xFF7B88FF,0xFF7582F8,0xFF7985F9,0xFF7C87FB,0xFF7E89FA,0xFF7E89F9,0xFF7E89FA,0xFF818BFA,0xFF828BFA,0xFF848CFA,0xFF858EFA,0xFF878EFA,
0xFF8990FA,0xFF8B92FA,0xFF8B90F7,0xFF969BFF,0xFF6E72BE,0x00000000,0x00010102,0x00010000,0x00000000,0x00000000,0x00000000,0x00000000,
0x00000000,0x00000000,0x00000000,0x00000000,0x00000000,0x00000000,0x00000000,0x00010000,0x00000000,0x00000000,0x00000000,0x00000000,
0x00000000,0x00000000,0x00000000,0x00010000,0x00000000,0x00000000,0x00000000,0x00010000,0x00000000,0x00000000,0x00010000,0x00000000,
0x00000000,0x00000000,0x00000000,0x00000000,0x00000000,0x00000000,0x00000000,0x00000000,0x00000000,0x00000000,0x00010000,0x00000000,
0x00000000,0x00000000,0x00000000,0x00000000,0x00000000,0x00000000,0x00000000,0x00000000,0x00000000,0x00000000,0x00000000,0x00010000,
0x00000000,0x00000000,0x00010000,0x00000000,0x00000000,0x00010000,0x00000000,0x00000000,0x00000000,0x00000000,0x00000000,0x00000000,
0x00000000,0x00030204,0x00000000,0xFF31335A,0xFF9197FF,0xFF8289F7,0xFF848BF9,0xFF838AF9,0xFF8289F8,0xFF8189F9,0xFF8089F9,0xFF7F88F9,
0xFF7D86F9,0xFF7C86F9,0xFF7B85F9,0xFF7984F9,0xFF7883FA,0xFF7782F9,0xFF7681FA,0xFF7580F8,0xFF747EF9,0xFF7C88FF,0xFF6B76E2,0xFF262A54,
0x00000000,0xFF402E51,0xFFA876D8,0xFFBA80F4,0xFFC78CFF,0xFFC78BFF,0xFFC489FF,0xFFC48AFF,0xFFC489FF,0xFFC288FF,0xFFC38AFF,0xFFC088FF,
0xFFB380F2,0xFF9369C6,0xFF563D74,0xFF15101D,0x00000000,0x00000000,0x00020103,0x00000000,0x00010001,0x00000000,0x00080712,0xFF5E49BF,
0xFF6851CE,0xFF110E21,0x00000000,0x00010102,0x00000000,0x00010102,0x00010000,0x00000000,0x000B070F,0xFF4B3462,0xFF8D62B5,0xFFB57CE8,
0xFFC888FF,0xFFCB89FF,0xFFCE8BFF,0xFFCE8CFF,0xFFCF8BFF,0xFFD28FFF,0xFFD48FFF,0xFFD390FF,0xFFCA8BF4,0xFFB579DC,0xFF5D3F71,0x00000000,
0xFF202248,0xFF6670D9,0xFF7C89FF,0xFF7581FB,0xFF7581F8,0xFF7985FB,0xFF7A86FA,0xFF7C87FB,0xFF7D88FA,0xFF7D88FA,0xFF7E89FA,0xFF7F89FA,
0xFF818BFA,0xFF838CFA,0xFF858DF9,0xFF878EFA,0xFF8990FA,0xFF8B91FA,0xFF898FF6,0xFF989EFF,0xFF3A3B64,0x00000000,0x00020204,0x00000000,
0x00000000,0x00000000,0x00000000,0x00000000,0x00000000,0x00010000,0x00000000,0x00000000,0x00000000,0x00000000,0x00000000,0x00000000,
0x00000000,0x00000000,0x00000000,0x00000000,0x00000000,0x00000000,0x00000000,0x00000000,0x00000000,0x00000000,0x00000000,0x00000000,
0x00000000,0x00000000,0x00000000,0x00000000,0x00000000,0x00010000,0x00000000,0x00000000,0x00000000,0x00000000,0x00000000,0x00000000,
0x00000000,0x00000000,0x00000000,0x00010000,0x00000000,0x00000000,0x00000000,0x00000000,0x00000000,0x00000000,0x00000000,0x00000000,
0x00000000,0x00000000,0x00000000,0x00010000,0x00000000,0x00000000,0x00000000,0x00000000,0x00000000,0x00000000,0x00000000,0x00000000,
0x00000000,0x00000000,0x00000000,0x00000000,0x00000000,0x00010101,0x00000000,0x00080910,0xFF7B80E4,0xFF888EFD,0xFF838AF8,0xFF8189F9,
0xFF8088F8,0xFF7F87F8,0xFF7F88F9,0xFF7D87F8,0xFF7C85F9,0xFF7A84FA,0xFF7A84F9,0xFF7984FA,0xFF7882FA,0xFF7781F9,0xFF7680FA,0xFF7580FA,
0xFF757FFA,0xFF717BF7,0xFF747FFF,0xFF7480FF,0xFF464C99,0x00000001,0x00000000,0xFF281C35,0xFF4B345F,0xFF634581,0xFF745097,0xFF7D58A1,
0xFF7A56A1,0xFF735099,0xFF614481,0xFF422E57,0xFF1E1528,0x00000000,0x00000000,0x00000000,0x00030203,0x00010101,0x00000000,0x00010000,
0x00010001,0x00000000,0x00090713,0xFF614CC6,0xFF6B55D6,0xFF110E22,0x00000000,0x00010102,0x00000000,0x00000000,0x00000001,0x00020203,
0x00000000,0x00000000,0x00000000,0xFF150E1B,0xFF3C274B,0xFF5B3C73,0xFF754F90,0xFF7E559A,0xFF7E549A,0xFF795294,0xFF64437C,0xFF4A3258,
0xFF2A1E33,0x00040101,0x00000000,0xFF43488B,0xFF717EFE,0xFF7581FF,0xFF727EF7,0xFF7581FB,0xFF7782FB,0xFF7884FA,0xFF7985FA,0xFF7B87FB,
0xFF7C87FA,0xFF7D88FA,0xFF7E89FA,0xFF7E88F9,0xFF808AF9,0xFF818AFA,0xFF838CF9,0xFF868EF9,0xFF8990F9,0xFF8A90F8,0xFF8D93FD,0xFF8489EA,
0x000C0C14,0x00000000,0x00010101,0x00000000,0x00000000,0x00000000,0x00000000,0x00000000,0x00000000,0x00000000,0x00000000,0x00000000,
0x00000000,0x00000000,0x00000000,0x00000000,0x00000000,0x00000000,0x00000000,0x00000000,0x00010000,0x00000000,0x00000000,0x00000000,
0x00000000,0x00000000,0x00000000,0x00000000,0x00000000,0x00000000,0x00000000,0x00000000,0x00000000,0x00000000,0x00000000,0x00000000,
0x00000000,0x00000000,0x00000000,0x00000000,0x00000000,0x00000000,0x00000000,0x00000000,0x00000000,0x00000000,0x00000000,0x00000000,
0x00000000,0x00000000,0x00000000,0x00000000,0x00000000,0x00000000,0x00000000,0x00000000,0x00000000,0x00000000,0x00000000,0x00000000,
0x00000000,0x00000000,0x00000000,0x00000000,0x00000000,0x00000000,0x00000000,0x00000000,0x00000000,0x00000000,0x00020203,0x00000000,
0xFF464885,0xFF8F96FF,0xFF8188F6,0xFF8189F9,0xFF8088F9,0xFF7F87F9,0xFF7E87F9,0xFF7C86F9,0xFF7B85F9,0xFF7A84FA,0xFF7983FA,0xFF7883FA,
0xFF7781F9,0xFF7680F9,0xFF7580F9,0xFF757FFA,0xFF747EF9,0xFF727DFA,0xFF707BF9,0xFF6E79F9,0xFF7783FF,0xFF5D65D0,0xFF13162E,0x00000000,
0x00000000,0x00000000,0x00000000,0x00000000,0x00000000,0x00000000,0x00000000,0x00000000,0x00000000,0x00000000,0x00030204,0x00020101,
0x00000000,0x00000000,0x00000000,0x00000000,0x00010001,0x00000000,0x00090714,0xFF644FCD,0xFF6E59DD,0xFF121024,0x00000000,0x00010102,
0x00000000,0x00000000,0x00000000,0x00000000,0x00010001,0x00030203,0x00010102,0x00000000,0x00000000,0x00000000,0x00000000,0x00000000,
0x00000000,0x00000000,0x00000000,0x00000000,0x00000000,0xFF0F1023,0xFF5C63C5,0xFF7986FF,0xFF717CFA,0xFF717DF9,0xFF7580FB,0xFF7581FA,
0xFF7782FA,0xFF7783FA,0xFF7984FA,0xFF7A86FB,0xFF7B86FA,0xFF7B87FA,0xFF7C87F9,0xFF7E88F9,0xFF7F89F9,0xFF8089F9,0xFF828BF9,0xFF858EF9,
0xFF888FF9,0xFF888EF7,0xFF939BFF,0xFF505490,0x00000000,0x00020203,0x00000000,0x00000000,0x00000000,0x00000000,0x00000000,0x00000000,
0x00000000,0x00000000,0x00000000,0x00000000,0x00000000,0x00000000,0x00000000,0x00000000,0x00000000,0x00000000,0x00000000,0x00000000,
0x00000000,0x00000000,0x00000000,0x00000000,0x00000000,0x00000000,0x00000000,0x00000000,0x00000000,0x00000000,0x00000000,0x00000000,
0x00010000,0x00000000,0x00000000,0x00000000,0x00000000,0x00000000,0x00010000,0x00000000,0x00000000,0x00000000,0x00000000,0x00000000,
0x00000000,0x00000000,0x00000000,0x00000000,0x00000000,0x00000000,0x00000000,0x00000000,0x00000000,0x00000000,0x00000000,0x00000000,
0x00000000,0x00000000,0x00000000,0x00000000,0x00000000,0x00000000,0x00000000,0x00000000,0x00000000,0x00000000,0x00000000,0x00000000,
0x00000000,0x00000000,0x00010102,0x00000001,0xFF121321,0xFF848BF3,0xFF838BFB,0xFF8189F9,0xFF8088F9,0xFF7F88F9,0xFF7D87F9,0xFF7B86F9,
0xFF7A84F9,0xFF7983F9,0xFF7883F9,0xFF7882FA,0xFF7781F9,0xFF7680F9,0xFF7580F9,0xFF747FF9,0xFF737EF9,0xFF737DFA,0xFF717CFA,0xFF717BFB,
0xFF6E78F7,0xFF727DFF,0xFF6E79F3,0xFF2B2E5D,0x00000000,0x00040306,0x00030204,0x00030203,0x00020203,0x00030203,0x00030204,0x00030203,
0x00010102,0x00000000,0x00010000,0x00010000,0x00000000,0x00000000,0x00000000,0x00000000,0x00010001,0x00000000,0x00090815,0xFF6653D4,
0xFF715CE5,0xFF121025,0x00000000,0x00010102,0x00000000,0x00000000,0x00000000,0x00000000,0x00000000,0x00000000,0x00000000,0x00010101,
0x00020203,0x00030204,0x00030203,0x00020203,0x00030203,0x00040204,0x00040407,0x00000000,0xFF282850,0xFF6972EA,0xFF727EFF,0xFF6E79F7,
0xFF717BFA,0xFF727DFA,0xFF747FFA,0xFF7580FA,0xFF7682FA,0xFF7682FA,0xFF7783FA,0xFF7985FA,0xFF7A85FA,0xFF7B86FA,0xFF7C87F9,0xFF7D87F9,
0xFF7E88F9,0xFF808AF9,0xFF828CF9,0xFF858EFA,0xFF878FF9,0xFF8990FB,0xFF8A92F7,0xFF171828,0x00000001,0x00020102,0x00000000,0x00000000,
0x00000000,0x00000000,0x00000000,0x00000000,0x00000000,0x00000000,0x00000000,0x00000000,0x00010000,0x00000000,0x00000000,0x00000000,
0x00000000,0x00000000,0x00000000,0x00000000,0x00010000,0x00000000,0x00000000,0x00000000,0x00000000,0x00000000,0x00000000,0x00000000,
0x00000000,0x00000000,0x00000000,0x00000000,0x00010000,0x00000000,0x00000000,0x00000000,0x00000000,0x00000000,0x00000000,0x00010000,
0x00000000,0x00010000,0x00000000,0x00000000,0x00000000,0x00010000,0x00000000,0x00000000,0x00000000,0x00000000,0x00000000,0x00000000,
0x00000000,0x00000000,0x00000000,0x00000000,0x00000000,0x00000000,0x00000000,0x00000000,0x00000000,0x00000000,0x00000000,0x00000000,
0x00000000,0x00000000,0x00000000,0x00000000,0x00000000,0x00000000,0x00000000,0x00020203,0x00000000,0xFF4E5295,0xFF8A93FF,0xFF7E86F6,
0xFF7F88FA,0xFF7E87F9,0xFF7D86F9,0xFF7B85F9,0xFF7983F9,0xFF7883F9,0xFF7883FA,0xFF7782F9,0xFF7781F9,0xFF757FF9,0xFF757EF9,0xFF737DF9,
0xFF737DF9,0xFF737CFA,0xFF717BFA,0xFF717BFB,0xFF717AFB,0xFF6E77F8,0xFF707AFE,0xFF707AFF,0xFF33387F,0x00000000,0x00020101,0x00010102,
0x00000000,0x00010000,0x00000000,0x00000000,0x00000000,0x00000000,0x00000000,0x00000000,0x00000000,0x00000000,0x00010000,0x00000000,
0x00010001,0x00000000,0x000A0816,0xFF6956DC,0xFF7260EB,0xFF121025,0x00000000,0x00010102,0x00000000,0x00000000,0x00000000,0x00000000,
0x00000000,0x00000000,0x00000000,0x00000000,0x00000000,0x00000000,0x00000000,0x00010000,0x00010101,0x00010102,0x00000000,0xFF323572,
0xFF717AFE,0xFF717CFF,0xFF6D77F8,0xFF707AFB,0xFF717BFA,0xFF727DF9,0xFF747EFA,0xFF747FFA,0xFF7581FA,0xFF7582FA,0xFF7783FA,0xFF7884FA,
0xFF7985FB,0xFF7B85FA,0xFF7B86FA,0xFF7D87FA,0xFF7E88FA,0xFF8089F9,0xFF838CFA,0xFF858EFA,0xFF848DF7,0xFF939BFF,0xFF595FA2,0x00000000,
0x00020203,0x00000000,0x00000000,0x00000000,0x00000000,0x00000000,0x00000000,0x00000000,0x00000000,0x00000000,0x00000000,0x00000000,
0x00000000,0x00000000,0x00000000,0x00000000,0x00010000,0x00000000,0x00000000,0x00000000,0x00000000,0x00000000,0x00000000,0x00000000,
0x00000000,0x00000000,0x00000000,0x00000000,0x00000000,0x00000000,0x00000000,0x00000000,0x00000000,0x00000000,0x00000000,0x00000000,
0x00000000,0x00000000,0x00000000,0x00010000,0x00000000,0x00000000,0x00000000,0x00000000,0x00000000,0x00000000,0x00000000,0x00000000,
0x00000000,0x00010000,0x00000000,0x00000000,0x00000000,0x00010000,0x00000000,0x00000000,0x00000000,0x00000000,0x00000000,0x00000000,
0x00000000,0x00000000,0x00000000,0x00000000,0x00000000,0x00000000,0x00000000,0x00000000,0x00000000,0x00000000,0x00000000,0x00010102,
0x00010101,0xFF111120,0xFF7F86F2,0xFF8189FA,0xFF7F88F9,0xFF7E87F9,0xFF7C86F9,0xFF7B85F9,0xFF7984FA,0xFF7883FA,0xFF7883FA,0xFF7782FA,
0xFF7680F9,0xFF757FF9,0xFF747EF9,0xFF737DF9,0xFF727CF9,0xFF727BFA,0xFF717AFA,0xFF7079FA,0xFF707AFA,0xFF7079FC,0xFF6C75F9,0xFF6B73F9,
0xFF757EFF,0xFF474CA0,0x00010104,0x00000000,0x00020102,0x00000000,0x00000000,0x00000000,0x00000000,0x00000000,0x00000000,0x00000000,
0x00000000,0x00000000,0x00000000,0x00010000,0x00010001,0x00000000,0x000A0816,0xFF6A59E2,0xFF7362F1,0xFF131126,0x00000000,0x00010102,
0x00000000,0x00000000,0x00000000,0x00000000,0x00000000,0x00000000,0x00000000,0x00000000,0x00000000,0x00000000,0x00000000,0x00010102,
0x00000000,0x00000001,0xFF444694,0xFF767EFF,0xFF6B75FA,0xFF6D77F9,0xFF707AFC,0xFF707AFA,0xFF707AF9,0xFF727DFB,0xFF737DFA,0xFF737EFA,
0xFF757FFA,0xFF7581FA,0xFF7682FB,0xFF7783FB,0xFF7985FB,0xFF7A85FB,0xFF7A86FA,0xFF7C87FA,0xFF7E89FA,0xFF808AF9,0xFF828CFA,0xFF848DF9,
0xFF858EFA,0xFF8A92F5,0xFF181828,0x00000001,0x00020102,0x00000000,0x00000000,0x00000000,0x00000000,0x00000000,0x00000000,0x00000000,
0x00000000,0x00000000,0x00000000,0x00000000,0x00000000,0x00000000,0x00000000,0x00000000,0x00000000,0x00000000,0x00000000,0x00000000,
0x00000000,0x00000000,0x00000000,0x00000000,0x00010000,0x00000000,0x00000000,0x00000000,0x00000000,0x00000000,0x00000000,0x00000000,
0x00000000,0x00000000,0x00000000,0x00000000,0x00000000,0x00000000,0x00000000,0x00000000,0x00000000,0x00000000,0x00000000,0x00000000,
0x00000000,0x00000000,0x00000000,0x00000000,0x00000000,0x00000000,0x00000000,0x00000000,0x00010000,0x00000000,0x00000000,0x00000000,
0x00000000,0x00000000,0x00000000,0x00000000,0x00000000,0x00000000,0x00000000,0x00000000,0x00000000,0x00000000,0x00000000,0x00000000,
0x00000000,0x00010000,0x00000000,0x00000000,0x00020203,0x00000000,0xFF41447E,0xFF8A93FF,0xFF7D86F8,0xFF7E88FB,0xFF7C86FA,0xFF7B85FA,
0xFF7984FA,0xFF7884FB,0xFF7883FA,0xFF7781FA,0xFF7580FA,0xFF747FFA,0xFF737DFA,0xFF727CFA,0xFF717BF9,0xFF707AF9,0xFF707AFA,0xFF7079FA,
0xFF6F78F9,0xFF6F77FA,0xFF6D76FA,0xFF6D75FA,0xFF6C74F8,0xFF737BFF,0xFF4D53B5,0x00080810,0x00000000,0x00010103,0x00000000,0x00000000,
0x00000000,0x00010000,0x00000000,0x00010000,0x00000000,0x00000000,0x00000000,0x00000000,0x00010101,0x00000000,0x000A0918,0xFF6A5CE7,
0xFF7565F5,0xFF131228,0x00000000,0x00010102,0x00000000,0x00000000,0x00000000,0x00000000,0x00000000,0x00000000,0x00000000,0x00000000,
0x00010000,0x00000000,0x00010102,0x00000000,0x00040307,0xFF4A4EAB,0xFF737BFF,0xFF6B73F8,0xFF6D75FA,0xFF6E77FA,0xFF6F79FB,0xFF707AFB,
0xFF707AFA,0xFF717BFA,0xFF727DFB,0xFF737EFA,0xFF747FFA,0xFF7580FB,0xFF7581FA,0xFF7783FB,0xFF7884FA,0xFF7985FB,0xFF7B86FB,0xFF7C87FA,
0xFF7E89FA,0xFF808AFA,0xFF818CFA,0xFF828BF8,0xFF919BFF,0xFF4B508B,0x00000000,0x00020203,0x00000000,0x00000000,0x00000000,0x00010000,
0x00010100,0x00000000,0x00000000,0x00000000,0x00000000,0x00000000,0x00000000,0x00000000,0x00000000,0x00000000,0x00000000,0x00000000,
0x00000000,0x00000000,0x00000000,0x00000000,0x00000000,0x00000000,0x00000000,0x00000000,0x00000000,0x00000000,0x00000000,0x00000000,
0x00000000,0x00000000,0x00000000,0x00000000,0x00010000,0x00000000,0x00000000,0x00000000,0x00000000,0x00000000,0x00000000,0x00000000,
0x00000000,0x00000000,0x00000000,0x00000000,0x00000000,0x00000000,0x00000000,0x00000000,0x00000000,0x00000000,0x00000000,0x00000000,
0x00010000,0x00000000,0x00000000,0x00010000,0x00000000,0x00000000,0x00000000,0x00000000,0x00000000,0x00000000,0x00000000,0x00000000,
0x00000000,0x00000000,0x00000000,0x00000000,0x00000000,0x00000000,0x00000000,0x00000000,0x00010101,0x00010102,0x0006060B,0xFF7178D8,
0xFF848FFE,0xFF7C86F9,0xFF7B86FA,0xFF7A85FA,0xFF7984FA,0xFF7883FB,0xFF7783FB,0xFF7681FA,0xFF7580FA,0xFF737FFA,0xFF727DFA,0xFF717BFA,
0xFF707AF9,0xFF7079F8,0xFF7079F9,0xFF6F79F9,0xFF6E77F8,0xFF6E76F9,0xFF6E76FA,0xFF6E75FA,0xFF6E74FA,0xFF6A71F6,0xFF767DFF,0xFF595EC7,
0x00070713,0x00000000,0x00010103,0x00000000,0x00000000,0x00000000,0x00000000,0x00000000,0x00000000,0x00000000,0x00000000,0x00000000,
0x00010101,0x00000000,0x000B0918,0xFF6E60EB,0xFF7668F8,0xFF131228,0x00000000,0x00010102,0x00000000,0x00000000,0x00000000,0x00010000,
0x00000000,0x00000000,0x00000000,0x00010000,0x00000000,0x00010102,0x00000000,0x0004040A,0xFF5153B6,0xFF747BFF,0xFF6970F6,0xFF6D74FA,
0xFF6E76FA,0xFF6F77FA,0xFF6F78FA,0xFF707AFB,0xFF707AFB,0xFF707AFA,0xFF717BFB,0xFF737EFB,0xFF737EFA,0xFF747FFA,0xFF7581FB,0xFF7783FB,
0xFF7884FB,0xFF7986FB,0xFF7A87FB,0xFF7C88FA,0xFF7E8AFA,0xFF808AFA,0xFF808AF8,0xFF8892FD,0xFF7C86E2,0x000A0B11,0x00010102,0x00010101,
0x00000000,0x00000000,0x00000000,0x00000000,0x00000000,0x00010000,0x00000000,0x00000000,0x00000000,0x00000000,0x00000000,0x00000000,
0x00000000,0x00010000,0x00000000,0x00000000,0x00010000,0x00010000,0x00000000,0x00000000,0x00000000,0x00000000,0x00000000,0x00000000,
0x00000000,0x00000000,0x00000000,0x00000000,0x00000000,0x00000000,0x00000000,0x00000000,0x00000000,0x00000000,0x00000000,0x00000000,
0x00000000,0x00000000,0x00000000,0x00000000,0x00000000,0x00000000,0x00000000,0x00000000,0x00000000,0x00000000,0x00000000,0x00000000,
0x00000000,0x00000000,0x00000000,0x00000000,0x00000000,0x00000000,0x00000000,0x00000000,0x00000000,0x00000000,0x00000000,0x00000000,
0x00000000,0x00000000,0x00000000,0x00000000,0x00000000,0x00000000,0x00000000,0x00000000,0x00000000,0x00000000,0x00000000,0x00000000,
0x00000000,0x00020203,0x00000000,0xFF232541,0xFF848EFE,0xFF7B85F8,0xFF7A85F9,0xFF7984FA,0xFF7884FA,0xFF7883FA,0xFF7782FB,0xFF7681FA,
0xFF747FF9,0xFF737FFA,0xFF727DFB,0xFF707AF9,0xFF707AF9,0xFF707AFA,0xFF7078F9,0xFF6F77F8,0xFF6F77FA,0xFF6E76FA,0xFF6E75FA,0xFF6E75FA,
0xFF6E74FB,0xFF6E74FB,0xFF6C71F8,0xFF7178FF,0xFF575CCC,0x000A0A16,0x00000000,0x00010102,0x00000000,0x00000000,0x00010000,0x00000000,
0x00000000,0x00000000,0x00000000,0x00000000,0x00010101,0x00000000,0x000B0A18,0xFF7064ED,0xFF776AFA,0xFF131227,0x00000000,0x00020102,
0x00000000,0x00000000,0x00000000,0x00000000,0x00010000,0x00000000,0x00000000,0x00000000,0x00010102,0x00000000,0x0005050B,0xFF5456BB,
0xFF7379FF,0xFF6B70F6,0xFF6E74FB,0xFF6E75FB,0xFF6F76FA,0xFF6F77FB,0xFF7078FB,0xFF7078FA,0xFF7079FA,0xFF717AFB,0xFF717BFA,0xFF727CFB,
0xFF737EFB,0xFF7480FA,0xFF7581FB,0xFF7682FB,0xFF7884FB,0xFF7A85FB,0xFF7B87FA,0xFF7D89FB,0xFF7F8AFA,0xFF818CFA,0xFF7F8AF8,0xFF8D98FF,
0xFF2C2E4F,0x00000000,0x00020203,0x00000000,0x00000000,0x00000000,0x00000000,0x00000000,0x00000000,0x00000000,0x00000000,0x00000000,
0x00000000,0x00000000,0x00000000,0x00000000,0x00000000,0x00000000,0x00000000,0x00000000,0x00000000,0x00000000,0x00000000,0x00000000,
0x00000000,0x00000000,0x00000000,0x00000000,0x00010000,0x00000000,0x00000000,0x00000000,0x00000000,0x00000000,0x00000000,0x00000000,
0x00000000,0x00000000,0x00000000,0x00000000,0x00000000,0x00000000,0x00000000,0x00000000,0x00000000,0x00000000,0x00010000,0x00000000,
0x00000000,0x00000000,0x00000000,0x00000000,0x00000000,0x00010000,0x00000000,0x00000000,0x00000000,0x00000000,0x00000000,0x00000000,
0x00000000,0x00000000,0x00000000,0x00000000,0x00000000,0x00000000,0x00010000,0x00000000,0x00000000,0x00000000,0x00000000,0x00000000,
0x00000000,0x00000000,0x00000000,0x00000000,0x00000000,0x00000000,0x00020204,0x00000000,0xFF3F4382,0xFF838EFF,0xFF7883F7,0xFF7A85FA,
0xFF7884F9,0xFF7783FA,0xFF7682F9,0xFF7580F9,0xFF7480FA,0xFF747FFA,0xFF727DFA,0xFF707AFA,0xFF707AFA,0xFF707AFA,0xFF7078F9,0xFF6F78F9,
0xFF6F78FA,0xFF6F76FA,0xFF6E75FA,0xFF6E74FA,0xFF6E74FB,0xFF6E74FB,0xFF6E73FB,0xFF6B70F7,0xFF747AFF,0xFF585CCA,0x00060610,0x00000000,
0x00010102,0x00000000,0x00010000,0x00010000,0x00000000,0x00000000,0x00000000,0x00000000,0x00010101,0x00000000,0x000B0B19,0xFF7066ED,
0xFF786DFC,0xFF141228,0x00000000,0x00010102,0x00000000,0x00000000,0x00000000,0x00000000,0x00000000,0x00000000,0x00000000,0x00010101,
0x00000101,0x00030307,0xFF5353B8,0xFF7479FF,0xFF6A6FF6,0xFF6E73FA,0xFF6F75FB,0xFF6F75FB,0xFF6F76FA,0xFF7077FB,0xFF7078FB,0xFF7078FA,
0xFF7079FA,0xFF717BFB,0xFF727BFA,0xFF727CFA,0xFF737FFB,0xFF7480FB,0xFF7580FA,0xFF7682FB,0xFF7783FA,0xFF7A86FA,0xFF7C88FA,0xFF7D89FA,
0xFF808BFB,0xFF7F89F8,0xFF8D99FF,0xFF4D5394,0x00000000,0x00020203,0x00000000,0x00000000,0x00000000,0x00000000,0x00000000,0x00000000,
0x00000000,0x00000000,0x00000000,0x00000000,0x00000000,0x00000000,0x00000000,0x00000000,0x00000000,0x00000000,0x00000000,0x00000000,
0x00000000,0x00000000,0x00000000,0x00000000,0x00000000,0x00000000,0x00000000,0x00000000,0x00000000,0x00000000,0x00000000,0x00000000,
0x00000000,0x00000000,0x00000000,0x00000000,0x00000000,0x00000000,0x00000000,0x00010000,0x00000000,0x00000000,0x00000000,0x00000000,
0x00000000,0x00000000,0x00000000,0x00000000,0x00000000,0x00000000,0x00000000,0x00000000,0x00000000,0x00000000,0x00000000,0x00000000,
0x00010000,0x00000000,0x00000000,0x00000000,0x00000000,0x00000000,0x00000000,0x00000000,0x00000000,0x00000000,0x00000000,0x00000000,
0x00000000,0x00000000,0x00000000,0x00000000,0x00010000,0x00000000,0x00000000,0x00000000,0x00000000,0x00000000,0x00000001,0x00020203,
0x00010102,0xFF5B63B7,0xFF838FFF,0xFF7783F7,0xFF7984FA,0xFF7783F9,0xFF7682F9,0xFF7681FA,0xFF7581FA,0xFF747FFA,0xFF727DFA,0xFF717BFA,
0xFF717AFA,0xFF7079F9,0xFF7079FA,0xFF7079FA,0xFF6F78F9,0xFF6F77FA,0xFF6F75FA,0xFF6F74FA,0xFF6E74FA,0xFF6E74FA,0xFF6E73FB,0xFF6E73FC,
0xFF6B70F8,0xFF7177FF,0xFF5356BF,0x00040409,0x00010102,0x00010101,0x00000000,0x00000000,0x00000000,0x00000000,0x00000000,0x00000000,
0x00010101,0x00000000,0x000C0B19,0xFF7268EF,0xFF796EFC,0xFF141328,0x00000000,0x00010102,0x00000000,0x00000000,0x00000000,0x00000000,
0x00000000,0x00000000,0x00010101,0x00010103,0x00020103,0xFF4D4DAF,0xFF7477FF,0xFF6B6EF7,0xFF6E71FB,0xFF6D73FA,0xFF6E74FA,0xFF7076FB,
0xFF7077FB,0xFF7077FA,0xFF7078FA,0xFF7179FA,0xFF7279FA,0xFF717AF9,0xFF727BFA,0xFF737DFB,0xFF737FFA,0xFF737FFA,0xFF7581FA,0xFF7682FA,
0xFF7783FA,0xFF7985FA,0xFF7C88FB,0xFF7E89FB,0xFF7D88F8,0xFF8B96FF,0xFF6B74C9,0x00050508,0x00020103,0x00010101,0x00000000,0x00000000,
0x00000000,0x00000000,0x00000000,0x00000000,0x00000000,0x00000000,0x00000000,0x00000000,0x00000000,0x00000000,0x00000000,0x00000000,
0x00000000,0x00000000,0x00000000,0x00000000,0x00000000,0x00000000,0x00000000,0x00000000,0x00000000,0x00000000,0x00000000,0x00000000,
0x00000000,0x00000000,0x00000000,0x00000000,0x00000000,0x00000000,0x00000000,0x00000000,0x00000000,0x00010000,0x00000000,0x00000000,
0x00000000,0x00010000,0x00000000,0x00000000,0x00000000,0x00000000,0x00000000,0x00000000,0x00000000,0x00000000,0x00000000,0x00000000,
0x00000000,0x00010000,0x00000000,0x00000000,0x00000000,0x00000000,0x00000000,0x00000000,0x00000000,0x00010000,0x00000000,0x00000000,
0x00000000,0x00000000,0x00000000,0x00000000,0x00000000,0x00000000,0x00000000,0x00000000,0x00000000,0x00000000,0x00000000,0x00000000,
0x00000000,0x00000000,0x00000000,0x00010102,0x00010101,0x000A0B14,0xFF6973D5,0xFF7E8AFF,0xFF7681F7,0xFF7784FB,0xFF7683FA,0xFF7682FB,
0xFF7581FB,0xFF747FFB,0xFF727EFA,0xFF727CFA,0xFF717BFA,0xFF707AFA,0xFF7079FA,0xFF7079FA,0xFF7078FA,0xFF6F77FA,0xFF6F76FA,0xFF6F76FA,
0xFF6F75FB,0xFF6F74FA,0xFF6F74FA,0xFF6F74FB,0xFF6F73FB,0xFF6B6FF7,0xFF767AFF,0xFF4B4DAB,0x00000000,0x00020203,0x00010001,0x00000000,
0x00000000,0x00000000,0x00000000,0x00000000,0x00010101,0x00000000,0x000C0B1A,0xFF726AF0,0xFF796FFC,0xFF131328,0x00000000,0x00010102,
0x00010000,0x00000000,0x00000000,0x00000000,0x00000000,0x00000000,0x00020204,0x00000000,0xFF46459A,0xFF767AFF,0xFF6B6FF7,0xFF6E71FA,
0xFF6D72FA,0xFF6E73FA,0xFF6F74FA,0xFF6F75FA,0xFF7076FA,0xFF7177FA,0xFF7279FA,0xFF727AFA,0xFF727AF9,0xFF7179F9,0xFF727BFA,0xFF727DFA,
0xFF737EFA,0xFF747FFA,0xFF7581FA,0xFF7683FB,0xFF7784FA,0xFF7985F9,0xFF7C87FB,0xFF7C87F8,0xFF8490FF,0xFF7881E2,0xFF11121F,0x00000000,
0x00020102,0x00000000,0x00000000,0x00000000,0x00000000,0x00000000,0x00000000,0x00000000,0x00000000,0x00000000,0x00000000,0x00000000,
0x00000000,0x00000000,0x00000000,0x00000000,0x00000000,0x00000000,0x00000000,0x00000000,0x00000000,0x00000000,0x00000000,0x00000000,
0x00000000,0x00010000,0x00000000,0x00000000,0x00000000,0x00000000,0x00000000,0x00000000,0x00000000,0x00000000,0x00000000,0x00000000,
0x00000000,0x00000000,0x00000000,0x00000000,0x00000000,0x00000000,0x00000000,0x00000000,0x00000000,0x00000000,0x00000000,0x00000000,
0x00000000,0x00000000,0x00000000,0x00000000,0x00000000,0x00000000,0x00000000,0x00000000,0x00000000,0x00010000,0x00000000,0x00000000,
0x00000000,0x00000000,0x00000000,0x00000000,0x00000000,0x00000000,0x00000000,0x00000000,0x00010000,0x00000000,0x00000000,0x00000000,
0x00000000,0x00000000,0x00000000,0x00000000,0x00000000,0x00000000,0x00000000,0x00000000,0x00020102,0x00000000,0xFF0F1121,0xFF6C76DE,
0xFF7E8BFF,0xFF7682F7,0xFF7783FB,0xFF7582FB,0xFF7481FB,0xFF7380FB,0xFF737FFB,0xFF727DFA,0xFF717BFA,0xFF717BFA,0xFF707AFA,0xFF7079FA,
0xFF7078FA,0xFF7077FA,0xFF7077FA,0xFF7076FA,0xFF7076FB,0xFF7075FB,0xFF7075FB,0xFF7074FA,0xFF7073FB,0xFF6F73FB,0xFF6D70F7,0xFF7579FF,
0xFF3E3F8F,0x00000000,0x00020204,0x00000000,0x00000000,0x00000000,0x00000000,0x00000000,0x00010101,0x00000000,0x000C0B1A,0xFF7169F0,
0xFF7971FC,0xFF141328,0x00000000,0x00010102,0x00000000,0x00000000,0x00000000,0x00000000,0x00000000,0x00020204,0x00000000,0xFF353377,
0xFF7678FF,0xFF6C6FF7,0xFF6E71FA,0xFF6E72FA,0xFF6E72FA,0xFF6F73FB,0xFF6F74FA,0xFF6F75FA,0xFF7076FA,0xFF7077FB,0xFF7279FA,0xFF727AF9,
0xFF727BF9,0xFF727BFA,0xFF727BF9,0xFF727CF9,0xFF737EFA,0xFF7480FA,0xFF7682FA,0xFF7783FB,0xFF7885FB,0xFF7A86FB,0xFF7A85F8,0xFF828EFF,
0xFF7A84EA,0xFF18192F,0x00000000,0x00020203,0x00000000,0x00000000,0x00000000,0x00000000,0x00000000,0x00000000,0x00000000,0x00000000,
0x00000000,0x00010000,0x00000000,0x00000000,0x00000000,0x00000000,0x00010000,0x00000000,0x00000000,0x00000000,0x00000000,0x00010000,
0x00000000,0x00010000,0x00000000,0x00000000,0x00010100,0x00000000,0x00000000,0x00000000,0x00000000,0x00000000,0x00000000,0x00000000,
0x00000000,0x00000000,0x00000000,0x00000000,0x00000000,0x00010000,0x00000000,0x00000000,0x00000000,0x00000000,0x00000000,0x00000000,
0x00000000,0x00000000,0x00000000,0x00000000,0x00000000,0x00000000,0x00000000,0x00010000,0x00000000,0x00000000,0x00000000,0x00000000,
0x00000000,0x00000000,0x00000000,0x00000000,0x00000000,0x00000000,0x00010000,0x00010000,0x00010000,0x00000000,0x00000000,0x00000000,
0x00000000,0x00000000,0x00000000,0x00000000,0x00000000,0x00000000,0x00000000,0x00010000,0x00000000,0x00000000,0x00000000,0x00000000,
0x00000000,0x00020203,0x00000000,0xFF121425,0xFF6A75DB,0xFF7C89FF,0xFF7581F7,0xFF7682FB,0xFF7582FB,0xFF7480FA,0xFF737FFB,0xFF727EFB,
0xFF727DFA,0xFF727CFB,0xFF717CFB,0xFF717AFB,0xFF7079FB,0xFF7078FA,0xFF7178FB,0xFF7178FB,0xFF7177FB,0xFF7176FA,0xFF7075FA,0xFF7175FA,
0xFF7175FA,0xFF7174FA,0xFF7173FB,0xFF6E71F8,0xFF777BFF,0xFF2D2F68,0x00000000,0x00020204,0x00000000,0x00000000,0x00000000,0x00000000,
0x00010102,0x00000000,0x000C0B1A,0xFF716AF0,0xFF7971FC,0xFF141328,0x00000000,0x00010102,0x00000000,0x00000000,0x00000000,0x00000000,
0x00020103,0x00000000,0xFF25234F,0xFF7577FF,0xFF6E71F9,0xFF6F71FA,0xFF7073FB,0xFF7073FB,0xFF6F73FB,0xFF6F74FB,0xFF7075FB,0xFF7176FB,
0xFF7177FB,0xFF7077FA,0xFF7078FA,0xFF727AFA,0xFF727BFA,0xFF737CF9,0xFF737CFA,0xFF737DFA,0xFF747FFA,0xFF7581FA,0xFF7682FA,0xFF7784FA,
0xFF7885FB,0xFF7783F8,0xFF818EFF,0xFF7983E7,0xFF1A1C33,0x00000000,0x00020203,0x00000000,0x00000000,0x00000000,0x00000000,0x00000000,
0x00000000,0x00000000,0x00000000,0x00000000,0x00000000,0x00000000,0x00000000,0x00000000,0x00000000,0x00000000,0x00000000,0x00000000,
0x00000000,0x00000000,0x00000000,0x00000000,0x00000000,0x00000000,0x00000000,0x00000000,0x00000000,0x00000000,0x00000000,0x00000000,
0x00000000,0x00000000,0x00000000,0x00000000,0x00000000,0x00000000,0x00000000,0x00000000,0x00000000,0x00010000,0x00000000,0x00000000,
0x00000000,0x00000000,0x00000000,0x00000000,0x00000000,0x00000000,0x00000000,0x00000000,0x00000000,0x00000000,0x00000000,0x00000000,
0x00000000,0x00000000,0x00000000,0x00000000,0x00000000,0x00000000,0x00000000,0x00000000,0x00000000,0x00000000,0x00000000,0x00000000,
0x00000000,0x00000000,0x00000000,0x00000000,0x00000000,0x00000000,0x00000000,0x00000000,0x00000000,0x00000000,0x00000000,0x00000000,
0x00000000,0x00000000,0x00000000,0x00000000,0x00000000,0x00000000,0x00020203,0x00000000,0x000B0D1B,0xFF616CC7,0xFF818FFF,0xFF7480F8,
0xFF7481FA,0xFF7380FA,0xFF7380FB,0xFF737FFB,0xFF737EFB,0xFF727DFA,0xFF727CFA,0xFF727BFB,0xFF717AFB,0xFF7179FA,0xFF7179FB,0xFF7278FB,
0xFF7177FB,0xFF7176FA,0xFF7175FA,0xFF7175FA,0xFF7275FB,0xFF7274FB,0xFF7274FB,0xFF7173FA,0xFF7072FA,0xFF7174F9,0xFF1A1A3A,0x00000000,
0x00020103,0x00000000,0x00000000,0x00000000,0x00010102,0x00000000,0x000C0C1A,0xFF736DF1,0xFF7972FD,0xFF141328,0x00000000,0x00010102,
0x00000000,0x00000000,0x00000000,0x00010102,0x00000000,0xFF100F23,0xFF6C6BED,0xFF7274FC,0xFF7072FA,0xFF7174FB,0xFF7174FA,0xFF7074FA,
0xFF7075FA,0xFF7075FA,0xFF7176FB,0xFF7177FB,0xFF7077FA,0xFF7077FA,0xFF7179FA,0xFF727AFB,0xFF737BFB,0xFF737CFA,0xFF737DFA,0xFF747FFB,
0xFF747FFA,0xFF7581FA,0xFF7683FB,0xFF7784FB,0xFF7783F8,0xFF8693FF,0xFF6C77D3,0xFF131527,0x00000000,0x00020203,0x00000000,0x00000000,
0x00000000,0x00000000,0x00000000,0x00000000,0x00000000,0x00000000,0x00000000,0x00000000,0x00000000,0x00000000,0x00000000,0x00000000,
0x00000000,0x00000000,0x00000000,0x00000000,0x00000000,0x00000000,0x00000000,0x00000000,0x00000000,0x00000000,0x00000000,0x00000000,
0x00000000,0x00000000,0x00000000,0x00000000,0x00000000,0x00000000,0x00000000,0x00000000,0x00000000,0x00010000,0x00000000,0x00000000,
0x00000000,0x00000000,0x00000000,0x00000000,0x00000000,0x00000000,0x00010000,0x00000000,0x00000000,0x00000000,0x00000000,0x00000000,
0x00000000,0x00000000,0x00000000,0x00000000,0x00000000,0x00000000,0x00000000,0x00000000,0x00000000,0x00000000,0x00000000,0x00000000,
0x00000000,0x00000000,0x00000000,0x00000000,0x00000000,0x00000000,0x00000000,0x00010000,0x00000000,0x00000000,0x00000000,0x00000000,
0x00000000,0x00000000,0x00000000,0x00000000,0x00000000,0x00000000,0x00000000,0x00000000,0x00000000,0x00000000,0x00000000,0x00020203,
0x00000000,0x0005060A,0xFF49519C,0xFF7E8CFF,0xFF7885FF,0xFF727EF7,0xFF7480FB,0xFF737FFA,0xFF727EFA,0xFF727DFB,0xFF727CFB,0xFF727BFA,
0xFF727BFB,0xFF727BFB,0xFF7279FB,0xFF7278FA,0xFF7278FA,0xFF7176FA,0xFF7276FA,0xFF7276FA,0xFF7275FB,0xFF7375FB,0xFF7375FB,0xFF7375FB,
0xFF7072F9,0xFF7577FE,0xFF6568DE,0x00080913,0x00010102,0x00010102,0x00000000,0x00000000,0x00010102,0x00000000,0x000D0C1A,0xFF736EF1,
0xFF7A74FD,0xFF141428,0x00000000,0x00010102,0x00000000,0x00000000,0x00010001,0x00020203,0x00040307,0xFF5D5BC9,0xFF7678FF,0xFF7071F8,
0xFF7274FB,0xFF7274FA,0xFF7174FA,0xFF7175FA,0xFF7175FA,0xFF7075FA,0xFF7176FA,0xFF7176FA,0xFF7077FB,0xFF7178FB,0xFF717AFA,0xFF727BFB,
0xFF737CFA,0xFF737EFB,0xFF747EFB,0xFF7480FB,0xFF7581FB,0xFF7683FB,0xFF7481F7,0xFF7987FE,0xFF8290FF,0xFF5761AC,0x000A0A12,0x00000000,
0x00020203,0x00000000,0x00000000,0x00000000,0x00000000,0x00000000,0x00000000,0x00000000,0x00000000,0x00000000,0x00000000,0x00000000,
0x00010000,0x00000000,0x00000000,0x00000000,0x00000000,0x00000000,0x00000000,0x00000000,0x00000000,0x00000000,0x00000000,0x00000000,
0x00000000,0x00000000,0x00000000,0x00000000,0x00000000,0x00000000,0x00000000,0x00000000,0x00000000,0x00000000,0x00000000,0x00010000,
0x00010000,0x00000000,0x00000000,0x00000000,0x00000000,0x00000000,0x00000000,0x00000000,0x00000000,0x00000000,0x00000000,0x00000000,
0x00000000,0x00000000,0x00000000,0x00000000,0x00000000,0x00000000,0x00000000,0x00000000,0x00000000,0x00000000,0x00000000,0x00000000,
0x00000000,0x00000000,0x00000000,0x00000000,0x00000000,0x00000000,0x00000000,0x00000000,0x00000000,0x00000000,0x00000000,0x00000000,
0x00000000,0x00000000,0x00000000,0x00000000,0x00000000,0x00000000,0x00000000,0x00000000,0x00000000,0x00000000,0x00000000,0x00000000,
0x00000000,0x00000000,0x00000000,0x00000000,0x00010102,0x00000000,0x00000000,0xFF303560,0xFF6C7AE6,0xFF7A88FF,0xFF7380FB,0xFF717DF7,
0xFF737EFB,0xFF727EFB,0xFF727DFB,0xFF727CFB,0xFF737CFB,0xFF737BFB,0xFF727AFB,0xFF7279FA,0xFF7278FA,0xFF7277FA,0xFF7277FA,0xFF7377FB,
0xFF7376FB,0xFF7476FA,0xFF7475FB,0xFF7475FB,0xFF7374FB,0xFF6F71F7,0xFF787BFF,0xFF4C4EA8,0x00000000,0x00020204,0x00000000,0x00000000,
0x00010102,0x00000000,0x000D0C1A,0xFF736EF1,0xFF7A76FD,0xFF141428,0x00000000,0x00010102,0x00000000,0x00000000,0x00020203,0x00000000,
0xFF403E8A,0xFF7B7CFF,0xFF7172F8,0xFF7474FB,0xFF7374FB,0xFF7375FB,0xFF7275FA,0xFF7175F9,0xFF7176FA,0xFF7176F9,0xFF7177FA,0xFF7277FA,
0xFF7178FB,0xFF7179FB,0xFF727BFA,0xFF737CFA,0xFF747DFA,0xFF747FFB,0xFF7580FB,0xFF7580FB,0xFF7480F8,0xFF7682FB,0xFF7F8CFF,0xFF7A85F0,
0xFF373D6D,0x00000000,0x00000000,0x00020102,0x00000000,0x00000000,0x00000000,0x00000000,0x00000000,0x00000000,0x00000000,0x00000000,
0x00000000,0x00000000,0x00000000,0x00000000,0x00000000,0x00000000,0x00000000,0x00000000,0x00000000,0x00000000,0x00010000,0x00010000,
0x00000000,0x00000000,0x00000000,0x00000000,0x00000000,0x00000000,0x00000000,0x00000000,0x00000000,0x00000000,0x00000000,0x00000000,
0x00000000,0x00000000,0x00000000,0x00000000,0x00000000,0x00000000,0x00000000,0x00000000,0x00000000,0x00000000,0x00000000,0x00000000,
0x00000000,0x00000000,0x00000000,0x00000000,0x00000000,0x00000000,0x00000000,0x00000000,0x00000000,0x00000000,0x00000000,0x00000000,
0x00000000,0x00000000,0x00000000,0x00000000,0x00000000,0x00000000,0x00000000,0x00000000,0x00000000,0x00000000,0x00000000,0x00000000,
0x00000000,0x00000000,0x00000000,0x00000000,0x00000000,0x00000000,0x00000000,0x00000000,0x00000000,0x00000000,0x00000000,0x00000000,
0x00000000,0x00000000,0x00010000,0x00000000,0x00000000,0x00000000,0x00000000,0x00000000,0x00000000,0x00000101,0x00020203,0x00000000,
0x000B0C19,0xFF4A529A,0xFF7583F9,0xFF7A87FF,0xFF7580FE,0xFF707CF7,0xFF717CF8,0xFF737DFB,0xFF737DFB,0xFF737BFB,0xFF737BFB,0xFF737AFB,
0xFF7379FB,0xFF7378FB,0xFF7377FA,0xFF7477FA,0xFF7477FA,0xFF7576FB,0xFF7476FA,0xFF7476FB,0xFF7475FB,0xFF7374FB,0xFF7071F8,0xFF797CFF,
0xFF2A2A5F,0x00000000,0x00020203,0x00000000,0x00010102,0x00000000,0x000D0D1B,0xFF7671F1,0xFF7B77FD,0xFF141429,0x00000000,0x00010102,
0x00000000,0x00010103,0x00000000,0xFF212044,0xFF7778FD,0xFF7273F8,0xFF7474FA,0xFF7475FA,0xFF7475FA,0xFF7375FA,0xFF7275F9,0xFF7275FA,
0xFF7376FA,0xFF7378FA,0xFF7378FB,0xFF7278FA,0xFF7279FA,0xFF727AFB,0xFF737BFB,0xFF737DFB,0xFF747DFA,0xFF747EF9,0xFF737FF8,0xFF7581FC,
0xFF7E8BFF,0xFF7E8BFF,0xFF535CA7,0xFF131425,0x00000000,0x00010102,0x00010101,0x00000000,0x00000000,0x00000000,0x00000000,0x00000000,
0x00000000,0x00010000,0x00000000,0x00000000,0x00000000,0x00000000,0x00010000,0x00000000,0x00000000,0x00000000,0x00000000,0x00000000,
0x00000000,0x00000000,0x00000000,0x00000000,0x00000000,0x00000000,0x00000000,0x00000000,0x00000000,0x00000000,0x00000000,0x00010000,
0x00000000,0x00000000,0x00000000,0x00000000,0x00000000,0x00000000,0x00000000,0x00000000,0x00000000,0x00000000,0x00000000,0x00000000,
0x00000000,0x00000000,0x00000000,0x00000000,0x00000000,0x00000000,0x00000000,0x00000000,0x00000000,0x00000000,0x00000000,0x00000000,
0x00000000,0x00000000,0x00000000,0x00000000,0x00000000,0x00000000,0x00000000,0x00000000,0x00000000,0x00000000,0x00000000,0x00000000,
0x00000000,0x00000000,0x00000000,0x00000000,0x00000000,0x00000000,0x00000000,0x00000000,0x00000000,0x00000000,0x00000000,0x00000000,
0x00000000,0x00000000,0x00000000,0x00000000,0x00000000,0x00000000,0x00000000,0x00000000,0x00000000,0x00000000,0x00000000,0x00000000,
0x00000000,0x00000000,0x00000000,0x00020203,0x00000000,0x00000000,0xFF171A31,0xFF4C54A1,0xFF727EF2,0xFF7A86FF,0xFF7883FF,0xFF737DFC,
0xFF717AF7,0xFF727BF8,0xFF737AFA,0xFF737AFA,0xFF7379FA,0xFF7377FA,0xFF7477FA,0xFF7377FA,0xFF7477FA,0xFF7577FB,0xFF7576FB,0xFF7576FB,
0xFF7576FB,0xFF7475FB,0xFF7374F9,0xFF7476FB,0xFF6F71ED,0xFF0F0F1F,0x00010101,0x00010102,0x00010102,0x00000000,0x000D0D1B,0xFF7774F1,
0xFF7C79FC,0xFF141428,0x00000000,0x00010102,0x00010101,0x00010102,0x0007060F,0xFF6969DC,0xFF797AFE,0xFF7474F8,0xFF7676FA,0xFF7676FA,
0xFF7576FA,0xFF7476FA,0xFF7375FA,0xFF7375FA,0xFF7376FA,0xFF7377FA,0xFF7478FA,0xFF7379FA,0xFF7379FA,0xFF737AF9,0xFF727AF8,0xFF737CF9,
0xFF747DFC,0xFF7782FF,0xFF7F8BFF,0xFF7883F8,0xFF555DAC,0xFF20223C,0x00000000,0x00000000,0x00020203,0x00000000,0x00000000,0x00000000,
0x00000000,0x00000000,0x00000000,0x00000000,0x00010000,0x00000000,0x00000000,0x00000000,0x00000000,0x00000000,0x00010000,0x00000000,
0x00000000,0x00000000,0x00000000,0x00010000,0x00010000,0x00000000,0x00000000,0x00000000,0x00000000,0x00000000,0x00000000,0x00000000,
0x00000000,0x00000000,0x00000000,0x00000000,0x00000000,0x00000000,0x00000000,0x00000000,0x00000000,0x00000000,0x00000000,0x00000000,
0x00000000,0x00000000,0x00000000,0x00000000,0x00000000,0x00000000,0x00000000,0x00000000,0x00000000,0x00000000,0x00000000,0x00000000,
0x00000000,0x00000000,0x00000000,0x00000000,0x00000000,0x00000000,0x00000000,0x00000000,0x00000000,0x00000000,0x00000000,0x00000000,
0x00000000,0x00000000,0x00000000,0x00000000,0x00000000,0x00000000,0x00000000,0x00000000,0x00000000,0x00000000,0x00000000,0x00000000,
0x00000000,0x00000000,0x00000000,0x00000000,0x00000000,0x00000000,0x00000000,0x00000000,0x00000000,0x00000000,0x00000000,0x00000000,
0x00000000,0x00000000,0x00000000,0x00000000,0x00000000,0x00000000,0x00000000,0x00000000,0x00010101,0x00010103,0x00000000,0x00000000,
0xFF101223,0xFF3C417D,0xFF626BCE,0xFF747EFC,0xFF7C86FF,0xFF7C85FF,0xFF787FFF,0xFF737BFD,0xFF7177F9,0xFF7276F7,0xFF7275F7,0xFF7275F7,
0xFF7375F7,0xFF7576F8,0xFF7676FA,0xFF7677FA,0xFF7576FB,0xFF7576FA,0xFF7676FA,0xFF7374F7,0xFF7E7FFF,0xFF5657B1,0x00000000,0x00020203,
0x00010102,0x00000000,0x000D0D1B,0xFF7976F1,0xFF7F7BFD,0xFF151528,0x00000000,0x00010102,0x00020203,0x00000000,0xFF454391,0xFF7F7EFF,
0xFF7474F7,0xFF7777FA,0xFF7777FA,0xFF7777FA,0xFF7677FA,0xFF7576F9,0xFF7475F8,0xFF7375F7,0xFF7375F7,0xFF7276F7,0xFF7277F8,0xFF7479FA,
0xFF767CFF,0xFF7981FF,0xFF7A83FF,0xFF7B85FF,0xFF7A83FF,0xFF636BD4,0xFF404585,0xFF17182B,0x00000000,0x00000000,0x00010102,0x00020102,
0x00000000,0x00000000,0x00000000,0x00000000,0x00000000,0x00000000,0x00000000,0x00000000,0x00010000,0x00000000,0x00010000,0x00000000,
0x00010000,0x00000000,0x00000000,0x00000000,0x00000000,0x00000000,0x00000000,0x00000000,0x00000000,0x00000000,0x00000000,0x00010000,
0x00000000,0x00000000,0x00000000,0x00000000,0x00000000,0x00000000,0x00010000,0x00000000,0x00000000,0x00000000,0x00000000,0x00000000,
0x00000000,0x00000000,0x00000000,0x00000000,0x00000000,0x00000000,0x00000000,0x00000000,0x00000000,0x00000000,0x00000000,0x00000000,
0x00000000,0x00000000,0x00000000,0x00000000,0x00000000,0x00000000,0x00000000,0x00010000,0x00000000,0x00000000,0x00000000,0x00000000,
0x00000000,0x00000000,0x00000000,0x00010000,0x00000000,0x00000000,0x00000000,0x00000000,0x00000000,0x00000000,0x00000000,0x00000000,
0x00000000,0x00000000,0x00000000,0x00000000,0x00010100,0x00000000,0x00000000,0x00000000,0x00000000,0x00000000,0x00000000,0x00000000,
0x00000000,0x00000000,0x00000000,0x00000000,0x00000000,0x00000000,0x00000000,0x00000000,0x00000000,0x00000000,0x00000000,0x00000000,
0x00000000,0x00000000,0x00010102,0x00010103,0x00000000,0x00000000,0x00010101,0xFF181A31,0xFF373B72,0xFF5359AC,0xFF656BD7,0xFF7075F2,
0xFF777CFF,0xFF7C7EFF,0xFF7D7EFF,0xFF7D7EFF,0xFF7D7DFF,0xFF7B7BFF,0xFF7878FE,0xFF7676F9,0xFF7574F7,0xFF7575F8,0xFF7776FA,0xFF7877FC,
0xFF7777F9,0xFF7C7DFF,0xFF242551,0x00000000,0x00030205,0x00000000,0xFF0E0D1B,0xFF7B76F1,0xFF817CFD,0xFF151528,0x00000000,0x00020205,
0x00000000,0xFF1C1A38,0xFF7B79FB,0xFF7777F9,0xFF7877FA,0xFF7877FA,0xFF7776F8,0xFF7776F7,0xFF7876FA,0xFF7978FE,0xFF7B7BFF,0xFF7D7DFF,
0xFF7E80FF,0xFF7D81FF,0xFF7E82FF,0xFF7A7FFF,0xFF757BF5,0xFF686EDA,0xFF5359AF,0xFF353976,0xFF1B1D36,0x00040305,0x00000000,0x00000000,
0x00010102,0x00010102,0x00000000,0x00000000,0x00000000,0x00000000,0x00000000,0x00000000,0x00000000,0x00000000,0x00010000,0x00000000,
0x00000000,0x00000000,0x00000000,0x00000000,0x00000000,0x00000000,0x00010000,0x00000000,0x00000000,0x00000000,0x00000000,0x00000000,
0x00000000,0x00000000,0x00000000,0x00000000,0x00000000,0x00000000,0x00000000,0x00000000,0x00000000,0x00000000,0x00000000,0x00000000,
0x00000000,0x00000000,0x00000000,0x00000000,0x00000000,0x00000000,0x00000000,0x00000000,0x00000000,0x00000000,0x00000000,0x00000000,
0x00000000,0x00000000,0x00000000,0x00000000,0x00000000,0x00000000,0x00000000,0x00010000,0x00000000,0x00000000,0x00000000,0x00000000,
0x00000000,0x00000000,0x00000000,0x00000000,0x00000000,0x00000000,0x00000000,0x00000000,0x00000000,0x00000000,0x00000000,0x00000000,
0x00000000,0x00000000,0x00000000,0x00000000,0x00000000,0x00000000,0x00000000,0x00000000,0x00000000,0x00000000,0x00000000,0x00000000,
0x00000000,0x00000000,0x00000000,0x00000000,0x00000000,0x00000000,0x00000000,0x00000000,0x00000000,0x00000000,0x00000000,0x00010000,
0x00000000,0x00000000,0x00000000,0x00000000,0x00000000,0x00000000,0x00000000,0x00000000,0x00010102,0x00020204,0x00000000,0x00000000,
0x00000000,0x00000000,0x00030305,0xFF0F0F1F,0xFF1E1E3F,0xFF2D2C5C,0xFF39387A,0xFF484798,0xFF5857B6,0xFF6866D4,0xFF7674F1,0xFF7D7BFF,
0xFF817FFF,0xFF7E7CFF,0xFF7A78FD,0xFF7877F8,0xFF7775F7,0xFF7A79FD,0xFF6D6EDF,0x0008080E,0x00020103,0x00000000,0xFF0E0D1B,0xFF7D77F1,
0xFF8680FD,0xFF161528,0x00000000,0x00020203,0x00020104,0xFF6865CA,0xFF8180FF,0xFF7775F6,0xFF7978F8,0xFF7C7AFE,0xFF817EFF,0xFF8482FF,
0xFF817EFF,0xFF7571EF,0xFF6765D2,0xFF5554B0,0xFF484894,0xFF383977,0xFF2D2D5B,0xFF1F203F,0xFF111121,0x00040307,0x00000000,0x00000000,
0x00000000,0x00000000,0x00020204,0x00010102,0x00000000,0x00000000,0x00000000,0x00000000,0x00000000,0x00000000,0x00000000,0x00000000,
0x00000000,0x00000000,0x00000000,0x00000000,0x00000000,0x00000000,0x00000000,0x00000000,0x00000000,0x00000000,0x00000000,0x00000000,
0x00000000,0x00000000,0x00000000,0x00000000,0x00010000,0x00000000,0x00000000,0x00000000,0x00000000,0x00000000,0x00000000,0x00000000,
0x00000000,0x00000000,0x00000000,0x00010000,0x00010000,0x00000000,0x00000000,0x00000000,0x00000000,0x00000000,0x00000000,0x00000000,
0x00000000,0x00000000,0x00000000,0x00000000,0x00000000,0x00000000,0x00000000,0x00000000,0x00000000,0x00000000,0x00000000,0x00010000,
0x00000000,0x00000000,0x00000000,0x00000000,0x00000000,0x00000000,0x00000000,0x00000000,0x00000000,0x00000000,0x00010000,0x00000000,
0x00000000,0x00000000,0x00000000,0x00000000,0x00000000,0x00000000,0x00000000,0x00000000,0x00010100,0x00010000,0x00000000,0x00000000,
0x00000000,0x00000000,0x00000000,0x00000000,0x00000000,0x00000000,0x00000000,0x00000000,0x00000000,0x00000000,0x00000000,0x00000000,
0x00000000,0x00000000,0x00000000,0x00010000,0x00000000,0x00000000,0x00000000,0x00000000,0x00000000,0x00000000,0x00000000,0x00000000,
0x00000000,0x00000000,0x00000001,0x00010102,0x00020204,0x00020103,0x00000000,0x00000000,0x00000000,0x00000000,0x00000000,0x00000000,
0x00000000,0x00030204,0xFF0F0E1D,0xFF222144,0xFF3F3D7F,0xFF5F5CC0,0xFF7976F5,0xFF807DFF,0xFF7B79FF,0xFF7674F4,0xFF8785FF,0xFF444484,
0x00000000,0x00000000,0xFF100F1C,0xFF837DF2,0xFF8780FD,0xFF161528,0x00000000,0x00000000,0xFF343065,0xFF8580FF,0xFF7B77F5,0xFF807CFF,
0xFF8582FF,0xFF7C78F6,0xFF605DBF,0xFF403D7D,0xFF232142,0x000E0C1A,0x00020102,0x00000000,0x00000000,0x00000000,0x00000000,0x00000000,
0x00000000,0x00000000,0x00010103,0x00020204,0x00010102,0x00010001,0x00000000,0x00000000,0x00000000,0x00000000,0x00000000,0x00000000,
0x00000000,0x00000000,0x00000000,0x00000000,0x00000000,0x00000000,0x00000000,0x00000000,0x00010000,0x00000000,0x00000000,0x00000000,
0x00000000,0x00010000,0x00000000,0x00000000,0x00000000,0x00000000,0x00010000,0x00000000,0x00000000,0x00000000,0x00000000,0x00000000,
0x00000000,0x00000000,0x00000000,0x00000000,0x00010000,0x00000000,0x00000000,0x00000000,0x00000000,0x00000000,0x00000000,0x00000000,
0x00000000,0x00000000,0x00000000,0x00000000,0x00000000,0x00000000,0x00000000,0x00000000,0x00000000,0x00000000,0x00000000,0x00000000,
0x00000000,0x00000000,0x00000000,0x00000000,0x00000000,0x00000000,0x00000000,0x00000000,0x00000000,0x00000000,0x00000000,0x00000000,
0x00000000,0x00000000,0x00000000,0x00000000,0x00000000,0x00000000,0x00000000,0x00000000,0x00000000,0x00000000,0x00000000,0x00000000,
0x00000000,0x00000000,0x00000000,0x00000000,0x00000000,0x00000000,0x00000000,0x00000000,0x00000000,0x00000000,0x00000000,0x00000000,
0x00000000,0x00000000,0x00000000,0x00000000,0x00000000,0x00000000,0x00000000,0x00000000,0x00000000,0x00000000,0x00000000,0x00000000,
0x00000000,0x00000000,0x00010000,0x00000000,0x00000000,0x00000000,0x00010000,0x00000000,0x00000000,0x00000000,0x00010001,0x00010102,
0x00010103,0x00020204,0x00020204,0x00020203,0x00010102,0x00000000,0x00000000,0x00000000,0x00000000,0x00000000,0xFF131225,0xFF3A3879,
0xFF716DDF,0xFF8784FF,0xFF7E7CFE,0xFF7574EF,0xFF101022,0x00000000,0xFF14111F,0xFF8079EF,0xFF857DFA,0xFF18172A,0x00000000,0x00070711,
0xFF716CE1,0xFF817DFF,0xFF8781FF,0xFF7772E1,0xFF403D7C,0xFF141326,0x00000000,0x00000000,0x00000000,0x00000000,0x00000000,0x00020102,
0x00020203,0x00020204,0x00020204,0x00010103,0x00010102,0x00000001,0x00000000,0x00010000,0x00000000,0x00000000,0x00000000,0x00000000,
0x00000000,0x00000000,0x00000000,0x00000000,0x00000000,0x00000000,0x00010000,0x00000000,0x00000000,0x00000000,0x00000000,0x00000000,
0x00010000,0x00000000,0x00000000,0x00000000,0x00000000,0x00000000,0x00000000,0x00000000,0x00000000,0x00000000,0x00000000,0x00000000,
0x00000000,0x00000000,0x00010000,0x00000000,0x00000000,0x00000000,0x00000000,0x00000000,0x00000000,0x00000000,0x00000000,0x00000000,
0x00000000,0x00000000,0x00010000,0x00000000,0x00000000,0x00000000,0x00000000,0x00010000,0x00000000,0x00000000,0x00000000,0x00000000,
0x00000000,0x00000000,0x00000000,0x00000000,0x00000000,0x00000000,0x00000000,0x00000000,0x00000000,0x00000000,0x00000000,0x00000000,
0x00000000,0x00000000,0x00000000,0x00000000,0x00000000,0x00000000,0x00000000,0x00000000,0x00000000,0x00000000,0x00000000,0x00000000,
0x00000000,0x00000000,0x00000000,0x00000000,0x00000000,0x00000000,0x00010000,0x00000000,0x00000000,0x00000000,0x00000000,0x00000000,
0x00000000,0x00000000,0x00000000,0x00000000,0x00000000,0x00000000,0x00000000,0x00000000,0x00000000,0x00010000,0x00000000,0x00000000,
0x00000000,0x00000000,0x00000000,0x00000000,0x00000000,0x00010000,0x00000000,0x00000000,0x00000000,0x00000000,0x00000000,0x00000000,
0x00000000,0x00000000,0x00000000,0x00000000,0x00000000,0x00000000,0x00000000,0x00000000,0x00000000,0x00010001,0x00010102,0x00020103,
0x00020204,0x00010101,0x00000000,0x00000000,0x00090910,0xFF403F7C,0xFF7573EF,0xFF8B88FF,0xFF5554A8,0x00000000,0xFF0F0F1D,0xFF8980FC,
0xFF9289FF,0xFF18172C,0x00000000,0xFF464289,0xFF8D88FF,0xFF7D78F3,0xFF443F82,0x00090912,0x00000000,0x00000000,0x00010101,0x00020204,
0x00020103,0x00010101,0x00000001,0x00000000,0x00000000,0x00000000,0x00000000,0x00000000,0x00000000,0x00000000,0x00000000,0x00000000,
0x00000000,0x00000000,0x00000000,0x00000000,0x00000000,0x00000000,0x00000000,0x00000000,0x00000000,0x00000000,0x00000000,0x00000000,
0x00000000,0x00000000,0x00000000,0x00000000,0x00000000,0x00000000,0x00000000,0x00000000,0x00010000,0x00000000,0x00000000,0x00010000,
0x00000000,0x00010000,0x00000000,0x00000000,0x00000000,0x00000000,0x00010000,0x00000000,0x00000000,0x00000000,0x00000000,0x00000000,
0x00000000,0x00000000,0x00000000,0x00000000,0x00000000,0x00000000,0x00010000,0x00000000,0x00000000,0x00000000,0x00010000,0x00010000,
0x00000000,0x00000000,0x00000000,0x00000000,0x00000000,0x00000000,0x00000000,0x00000000,0x00000000,0x00000000,0x00000000,0x00000000,
0x00000000,0x00000000,0x00000000,0x00000000,0x00000000,0x00000000,0x00010000,0x00000000,0x00000000,0x00000000,0x00000000,0x00000000,
0x00000000,0x00000000,0x00000000,0x00000000,0x00000000,0x00000000,0x00000000,0x00000000,0x00000000,0x00000000,0x00010000,0x00000000,
0x00000000,0x00000000,0x00000000,0x00000000,0x00000000,0x00000000,0x00000000,0x00000000,0x00000000,0x00000000,0x00010000,0x00000000,
0x00000000,0x00000000,0x00000000,0x00000000,0x00000000,0x00000000,0x00000000,0x00000000,0x00000000,0x00010000,0x00000000,0x00000000,
0x00000000,0x00000000,0x00000000,0x00000000,0x00000000,0x00000000,0x00000000,0x00000000,0x00000000,0x00000000,0x00000000,0x00000000,
0x00000000,0x00000000,0x00000000,0x00010000,0x00000000,0x00010000,0x00010102,0x00020204,0x00000000,0x00000000,0xFF14142A,0xFF5D5DB3,
0xFF3C3B75,0x00000000,0x00030205,0xFF57519B,0xFF5D56A9,0x0005050A,0x00000000,0xFF343265,0xFF6462B6,0xFF19182F,0x00000000,0x00000000,
0x00020204,0x00010102,0x00000000,0x00000000,0x00000000,0x00000000,0x00000000,0x00010000,0x00000000,0x00010000,0x00000000,0x00000000,
0x00000000,0x00010000,0x00000000,0x00000000,0x00000000,0x00000000,0x00010000,0x00000000,0x00000000,0x00000000,0x00000000,0x00000000,
0x00010000,0x00000000,0x00000000,0x00000000,0x00000000,0x00000000,0x00000000,0x00000000,0x00000000,0x00000000,0x00000000,0x00000000,
0x00010000,0x00000000,0x00000000,0x00010000,0x00000000,0x00000000,0x00000000,0x00000000,0x00010000,0x00000000,0x00000000,0x00000000,
0x00000000,0x00000000,0x00000000,0x00000000,0x00000000,0x00000000,0x00010000,0x00000000,0x00000000,0x00000000,0x00000000,0x00000000,
0x00000000,0x00000000,0x00000000,0x00000000,0x00000000,0x00000000,0x00000000,0x00000000,0x00000000,0x00000000,0x00010000,0x00000000,
0x00000000,0x00000000,0x00000000,0x00000000,0x00000000,0x00000000,0x00000000,0x00000000,0x00000000,0x00000000,0x00010000,0x00000000,
0x00000000,0x00010000,0x00000000,0x00000000,0x00000000,0x00000000,0x00000000,0x00000000,0x00000000,0x00000000,0x00010000,0x00010000,
0x00000000,0x00000000,0x00000000,0x00010100,0x00000000,0x00010000,0x00000000,0x00000000,0x00000000,0x00000000,0x00000000,0x00000000,
0x00000000,0x00010000,0x00000000,0x00000000,0x00000000,0x00000000,0x00000000,0x00000000,0x00000000,0x00000000,0x00000000,0x00000000,
0x00000000,0x00000000,0x00000000,0x00000000,0x00010100,0x00000000,0x00000000,0x00000000,0x00000000,0x00000000,0x00000000,0x00000000,
0x00000000,0x00000000,0x00000000,0x00000000,0x00000000,0x00000000,0x00000000,0x00000000,0x00000000,0x00000000,0x00000000,0x00000000,
0x00010001,0x00020203,0x00000000,0x00000000,0x00000000,0x00000000,0x00010000,0x00000000,0x00000000,0x00000000,0x00010000,0x00000000,
0x00000000,0x00000000,0x00020203,0x00010001,0x00000000,0x00000000,0x00000000,0x00000000,0x00000000,0x00010000,0x00000000,0x00000000,
0x00000000,0x00010000,0x00000000,0x00000000,0x00000000,0x00000000,0x00000000,0x00000000,0x00000000,0x00000000,0x00010000,0x00000000,
0x00000000,0x00000000,0x00000000,0x00000000,0x00010000,0x00000000,0x00000000,0x00000000,0x00000000,0x00000000,0x00000000,0x00000000,
0x00000000,0x00000000,0x00000000,0x00000000,0x00010000,0x00000000,0x00000000,0x00000000,0x00000000,0x00000000,0x00000000,0x00000000,
0x00010000,0x00000000,0x00000000,0x00000000,0x00000000,0x00000000,0x00000000,0x00000000,0x00000000,0x00000000,0x00000000,0x00000000,
0x00000000,0x00000000,0x00000000,0x00000000,0x00000000,0x00000000,0x00000000,0x00000000,0x00000000,0x00000000,0x00000000,0x00000000,
0x00000000,0x00000000,0x00000000,0x00000000,0x00000000,0x00000000,0x00000000,0x00000000,0x00000000,0x00000000,0x00000000,0x00000000,
0x00000000,0x00000000,0x00000000,0x00000000,0x00000000,0x00000000,0x00000000,0x00000000,0x00000000,0x00000000,0x00000000,0x00000000,
0x00000000,0x00000000,0x00000000,0x00000000,0x00000000,0x00000000,0x00000000,0x00000000,0x00000000,0x00000000,0x00000000,0x00000000,
0x00000000,0x00010000,0x00000000,0x00000000,0x00000000,0x00010000,0x00000000,0x00000000,0x00000000,0x00000000,0x00000000,0x00010000,
0x00000000,0x00000000,0x00000000,0x00000000,0x00000000,0x00000000,0x00000000,0x00000000,0x00000000,0x00000000,0x00000000,0x00000000,
0x00000000,0x00000000,0x00000000,0x00000000,0x00000000,0x00000000,0x00000000,0x00000000,0x00000000,0x00000000,0x00000000,0x00000000,
0x00000000,0x00000000,0x00000000,0x00000000,0x00000000,0x00000000,0x00010102,0x00010102,0x00010102,0x00000000,0x00000000,0x00010102,
0x00010102,0x00000000,0x00000000,0x00010102,0x00010102,0x00010102,0x00000000,0x00000000,0x00000000,0x00000000,0x00000000,0x00000000,
0x00000000,0x00000000,0x00000000,0x00000000,0x00000000,0x00000000,0x00000000,0x00000000,0x00010000,0x00000000,0x00000000,0x00000000,
0x00000000,0x00000000,0x00000000,0x00000000,0x00000000,0x00000000,0x00000000,0x00000000,0x00000000,0x00000000,0x00000000,0x00000000,
0x00000000,0x00000000,0x00000000,0x00000000,0x00000000,0x00000000,0x00000000,0x00000000,0x00000000,0x00000000,0x00000000,0x00000000,
0x00000000,0x00000000,0x00010000,0x00000000,0x00000000,0x00000000,0x00000000,0x00000000,0x00000000,0x00000000,0x00000000,0x00000000,
0x00000000,0x00000000,0x00000000,0x00000000,0x00000000,0x00000000,0x00000000,0x00000000,0x00000000,0x00000000,0x00000000,0x00000000,
0x00000000,0x00000000,0x00000000,0x00000000,0x00000000,0x00000000,0x00000000,0x00000000,0x00000000,0x00000000,0x00000000,0x00000000,
0x00000000,0x00000000,0x00000000,0x00000000,0x00000000,0x00000000,0x00000000,0x00000000,0x00000000,0x00000000,0x00000000,0x00000000,
0x00000000,0x00000000,0x00000000,0x00000000,0x00000000,0x00000000,0x00000000,0x00000000,0x00000000,0x00000000,0x00000000,0x00000000,
0x00000000,0x00000000,0x00010000,0x00000000,0x00000000,0x00000000,0x00000000,0x00000000,0x00000000,0x00000000,0x00000000,0x00000000,
0x00000000,0x00000000,0x00000000,0x00000000,0x00000000,0x00000000,0x00000000,0x00000000,0x00000000,0x00000000,0x00000000,0x00010000,
0x00000000,0x00000000,0x00000000,0x00010000,0x00000000,0x00000000,0x00010000,0x00000000,0x00000000,0x00000000,0x00000000,0x00000000,
0x00000000,0x00000000,0x00000000,0x00000000,0x00000000,0x00000000,0x00000000,0x00000000,0x00000000,0x00000000,0x00000000,0x00000000,
0x00000000,0x00000000,0x00000000,0x00000000,0x00000000,0x00000000,0x00000000,0x00000000,0x00010000,0x00000000,0x00000000,0x00010000,
0x00000000,0x00000000,0x00000000,0x00000000,0x00000000,0x00000000,0x00000000,0x00000000,0x00000000,0x00000000,0x00000000,0x00000000,
0x00000000,0x00000000,0x00000000,0x00000000,0x00000000,0x00000000,0x00010000,0x00000000,0x00000000,0x00000000,0x00000000,0x00000000,
0x00000000,0x00000000,0x00000000,0x00000000,0x00000000,0x00000000,0x00000000,0x00000000,0x00000000,0x00000000,0x00000000,0x00000000,
0x00000000,0x00000000,0x00000000,0x00000000,0x00000000,0x00000000,0x00000000,0x00000000,0x00000000,0x00000000,0x00000000,0x00000000,
0x00010000,0x00000000,0x00000000,0x00000000,0x00000000,0x00000000,0x00000000,0x00000000,0x00000000,0x00000000,0x00000000,0x00010000,
0x00000000,0x00000000,0x00000000,0x00000000,0x00000000,0x00000000,0x00000000,0x00000000,0x00000000,0x00000000,0x00000000,0x00000000,
0x00000000,0x00000000,0x00000000,0x00010000,0x00000000,0x00000000,0x00000000,0x00000000,0x00000000,0x00000000,0x00000000,0x00000000,
0x00000000,0x00000000,0x00000000,0x00000000,0x00000000,0x00000000,0x00000000,0x00000000,0x00000000,0x00000000,0x00000000,0x00000000,
0x00000000,0x00000000,0x00000000,0x00000000,0x00000000,0x00000000,0x00000000,0x00000000,0x00000000,0x00000000,0x00000000,0x00010000,
0x00000000,0x00000000,0x00000000,0x00000000,0x00000000,0x00000000,0x00000000,0x00000100,0x00000000,0x00000000,0x00000000,0x00000000,
0x00000000,0x00000000,0x00000000,0x00000000,0x00000000,0x00000000,0x00000000,0x00000000,0x00000000,0x00000000,0x00000000,0x00000000,
0x00000000,0x00000000,0x00000000,0x00000000,0x00000000,0x00010000,0x00000000,0x00000000,0x00000000,0x00000000,0x00000000,0x00000000,
0x00000000,0x00000000,0x00000000,0x00000000,0x00000000,0x00000000,0x00000000,0x00000000,0x00000000,0x00000000,0x00000000,0x00000000,
0x00000000,0x00000000,0x00000000,0x00000000,0x00010000,0x00000000,0x00000000,0x00000000,0x00000000,0x00000000,0x00000000,0x00000000,
0x00000000,0x00000000,0x00000000,0x00000000,0x00000000,0x00000000,0x00000000,0x00000000,0x00000000,0x00010000,0x00000000,0x00000000,
0x00000000,0x00000000,0x00000000,0x00000000,0x00010000,0x00000000,0x00000000,0x00000000,0x00000000,0x00000000,0x00010000,0x00000000,
0x00000000,0x00000000,0x00000000,0x00000000,0x00000000,0x00000000,0x00000000,0x00000000,0x00000000,0x00000000,0x00010000,0x00000000,
0x00000000,0x00000000,0x00000000,0x00000000,0x00000000,0x00000000,0x00000000,0x00000000,0x00000000,0x00000000,0x00000000,0x00000000,
0x00000000,0x00000000,0x00000000,0x00000000,0x00000000,0x00000000,0x00000000,0x00000000,0x00000000,0x00000000,0x00000000,0x00000000,
0x00000000,0x00000000,0x00000000,0x00000000,0x00000000,0x00000000,0x00000000,0x00000000,0x00000000,0x00000000,0x00000000,0x00000000,
0x00000000,0x00000000,0x00000000,0x00000000,0x00000000,0x00000000,0x00000000,0x00000000,0x00000000,0x00000000,0x00000000,0x00000000,
0x00000000,0x00000000,0x00000000,0x00000000,0x00000000,0x00000000,0x00000000,0x00000000,0x00000000,0x00000000,0x00000000,0x00000000,
0x00000000,0x00000000,0x00000000,0x00000000,0x00000000,0x00000000,0x00000000,0x00000000,0x00000000,0x00000000,0x00010000,0x00000000,
0x00000000,0x00000000,0x00000000,0x00000000,0x00000000,0x00000000,0x00000000,0x00000000,0x00000000,0x00000000,0x00000000,0x00000000,
0x00000000,0x00010000,0x00000000,0x00000000,0x00000000,0x00010000,0x00010000,0x00000000,0x00000000,0x00000000,0x00000000,0x00000000,
0x00000000,0x00000000,0x00000000,0x00000000,0x00000000,0x00000000,0x00000000,0x00000000,0x00000000,0x00000000,0x00010000,0x00010000,
0x00000000,0x00000000,0x00000000,0x00000000,0x00000000,0x00000000,0x00000000,0x00000000,0x00000000,0x00000000,0x00000000,0x00000000,
0x00000000,0x00000000,0x00000000,0x00000000,0x00000000,0x00000000,0x00000000,0x00000000,0x00000000,0x00000000,0x00000000,0x00000000,
0x00000000,0x00000000,0x00000000,0x00000000,0x00000000,0x00000000,0x00000000,0x00000000,0x00000000,0x00000000,0x00000000,0x00000000,
0x00000000,0x00000000,0x00000000,0x00000000,0x00000000,0x00000000,0x00000000,0x00000000,0x00000000,0x00000000,0x00000000,0x00000000,
0x00000000,0x00000000,0x00000000,0x00000000,0x00000000,0x00000000,0x00000000,0x00000000,0x00000000,0x00000000,0x00000000,0x00000000,
0x00000000,0x00000000,0x00000000,0x00000000,0x00000000,0x00000000,0x00000000,0x00000000,0x00000000,0x00000000,0x00000000,0x00000000,
0x00000000,0x00000000,0x00000000,0x00000000,0x00000000,0x00000000,0x00000000,0x00000000,0x00000000,0x00000000,0x00000000,0x00000000,
0x00000000,0x00000000,0x00000000,0x00000000,0x00000000,0x00000000,0x00000000,0x00000000,0x00000000,0x00000000,0x00000000,0x00000000,
0x00000000,0x00000000,0x00000000,0x00000000,0x00000000,0x00000000,0x00000000,0x00000000,0x00000000,0x00000000,0x00010000,0x00000000,
0x00000000,0x00000000,0x00000000,0x00000000,0x00000000,0x00000000,0x00000000,0x00000000,0x00000000,0x00000000,0x00000000,0x00000000,
0x00000000,0x00000000,0x00000000,0x00000000,0x00000000,0x00000000,0x00000000,0x00000000,0x00000000,0x00010000,0x00000000,0x00000000,
0x00000000,0x00000000,0x00000000,0x00000000,0x00000000,0x00000000,0x00000000,0x00000000,0x00000000,0x00000000,0x00000000,0x00000000,
0x00000000,0x00000000,0x00000000,0x00000000,0x00000000,0x00000000,0x00000000,0x00000000,0x00000000,0x00000000,0x00000000,0x00000000,
0x00000000,0x00000000,0x00000000,0x00010000,0x00000000,0x00000000,0x00000000,0x00000000,0x00000000,0x00000000,0x00000000,0x00000000,
0x00000000,0x00000000,0x00010000,0x00000000,0x00000000,0x00000000,0x00000000,0x00000000,0x00000000,0x00000000,0x00000000,0x00000000,
0x00000000,0x00000000,0x00000000,0x00000000,0x00000000,0x00000000,0x00000000,0x00000000,0x00000000,0x00010000,0x00000000,0x00000000,
0x00000000,0x00000000,0x00000000,0x00000000,0x00000000,0x00010000,0x00000000,0x00000000,0x00000000,0x00000000,0x00000000,0x00000000,
0x00000000,0x00000000,0x00000000,0x00000000,0x00010000,0x00000000,0x00000000,0x00000000,0x00000000,0x00000000,0x00000000,0x00000000,
0x00000000,0x00000000,0x00000000,0x00000000,0x00010000,0x00000000,0x00000000,0x00000000,0x00010000,0x00000000,0x00000000,0x00000000,
0x00000000,0x00000000,0x00000000,0x00000000,0x00000000,0x00000000,0x00000000,0x00000000,0x00010000,0x00010000,0x00000000,0x00000000,
0x00000000,0x00000000,0x00000000,0x00000000,0x00010000,0x00000000,0x00000000,0x00000000,0x00000000,0x00000000,0x00010000,0x00000000,
0x00000000,0x00000000,0x00000000,0x00000000,0x00000000,0x00000000,0x00000000,0x00000000,0x00000000,0x00000000,0x00000000,0x00000000,
0x00000000,0x00000000,0x00000000,0x00000000,0x00000000,0x00000000,0x00000000,0x00010000,0x00000000,0x00000000,0x00000000,0x00000000,
0x00010000,0x00000000,0x00000000,0x00000000,0x00000000,0x00000000,0x00000000,0x00000000,0x00000000,0x00000000,0x00000000,0x00000000,
0x00000000,0x00000000,0x00000000,0x00010000,0x00000000,0x00000000,0x00000000,0x00000000,0x00000000,0x00000000,0x00000000,0x00000000,
0x00000000,0x00000000,0x00000000,0x00000000,0x00010000,0x00010000,0x00000000,0x00000000,0x00000000,0x00000000,0x00000000,0x00010000,
0x00000000,0x00000000,0x00000000,0x00000000,0x00010000,0x00000000,0x00000000,0x00000000,0x00000000,0x00000000,0x00000000,0x00000000,
0x00000000,0x00000000,0x00000000,0x00000000,0x00000000,0x00010000,0x00000000,0x00000000,0x00010000,0x00000000,0x00000000,0x00000000,
0x00010000,0x00000000,0x00000000,0x00000000,0x00000000,0x00000000,0x00000000,0x00000000,0x00000000,0x00000000,0x00000000,0x00000000,
0x00000000,0x00010000,0x00000000,0x00000000,0x00000000,0x00000000,0x00010000,0x00000000,0x00000000,0x00000000,0x00000000,0x00000000,
0x00000000,0x00000000,0x00000000,0x00000000,0x00000000,0x00000000,0x00000000,0x00000000,0x00000000,0x00000000,0x00000000,0x00000000,
0x00000000,0x00000000,0x00000000,0x00000000,0x00000000,0x00000000,0x00000000,0x00000000,0x00000000,0x00000000,0x00000000,0x00000000,
0x00000000,0x00000000,0x00000000,0x00000000,0x00000000,0x00000000,0x00000000,0x00000000,0x00000000,0x00000000,0x00000000,0x00000000,
0x00000000,0x00000000,0x00000000,0x00000000,0x00000000,0x00000000,0x00000000,0x00000000,0x00000000,0x00000000,0x00000000,0x00000000,
0x00000000,0x00000000,0x00000000,0x00000000,0x00000000,0x00000000,0x00000000,0x00000000,0x00000000,0x00000000,0x00000000,0x00000000,
0x00000000,0x00000000,0x00000000,0x00000000,0x00000000,0x00000000,0x00000000,0x00000000,0x00000000,0x00000000,0x00000000,0x00000000,
0x00000000,0x00000000,0x00000000,0x00000000,0x00000000,0x00000000,0x00000000,0x00010000,0x00000000,0x00000000,0x00000000,0x00000000,
0x00000000,0x00000000,0x00000000,0x00000000,0x00000000,0x00000000,0x00000000,0x00000000,0x00000000,0x00000000,0x00000000,0x00000000,
0x00000000,0x00000000,0x00000000,0x00000000,0x00000000,0x00000000,0x00000000,0x00000000,0x00000000,0x00000000,0x00000000,0x00000000,
0x00000000,0x00000000,0x00000000,0x00000000,0x00000000,0x00000000,0x00000000,0x00000000,0x00000000,0x00000000,0x00000000,0x00000000,
0x00000000,0x00000000,0x00000000,0x00000000,0x00000000,0x00000000,0x00010000,0x00000000,0x00010000,0x00000000,0x00000000,0x00000000,
0x00000000,0x00000000,0x00010000,0x00010000,0x00010000,0x00000000,0x00010000,0x00000000,0x00000000,0x00000000,0x00000000,0x00010000,
0x00000000,0x00000000,0x00000000,0x00010000,0x00000000,0x00000000,0x00000000,0x00000000,0x00000000,0x00000000,0x00000000,0x00000000,
0x00000000,0x00000000,0x00000000,0x00000000,0x00000000,0x00000000,0x00000000,0x00000000,0x00000000,0x00000000,0x00000000,0x00000000,
0x00000000,0x00000000,0x00000000,0x00000000,0x00000000,0x00000000,0x00000000,0x00000000,0x00000000,0x00000000,0x00000000,0x00000000,
0x00000000,0x00000000,0x00000000,0x00000000,0x00000000,0x00000000,0x00000000,0x00000000,0x00000000,0x00000000,0x00000000,0x00000000,
0x00000000,0x00000000,0x00000000,0x00000000,0x00000000,0x00010000,0x00000000,0x00000000,0x00000000,0x00000000,0x00000000,0x00000000,
0x00000000,0x00000000,0x00000000,0x00000000,0x00010000,0x00000000,0x00000000,0x00000000,0x00000000,0x00000000,0x00000000,0x00000000,
0x00000000,0x00000000,0x00000000,0x00000000,0x00000000,0x00000000,0x00000000,0x00000000,0x00000000,0x00000000,0x00000000,0x00010000,
0x00000000,0x00000000,0x00000000,0x00000000,0x00000000,0x00000000,0x00000000,0x00000000,0x00000000,0x00000000,0x00000000,0x00000000,
0x00000000,0x00000000,0x00000000,0x00000000,0x00000000,0x00000000,0x00000000,0x00000000,0x00000000,0x00000000,0x00000000,0x00000000,
0x00000000,0x00000000,0x00000000,0x00000000,0x00000000,0x00000000,0x00000000,0x00000000,0x00000000,0x00000000,0x00000000,0x00000000,
0x00000000,0x00000000,0x00010000,0x00000000,0x00000000,0x00000000,0x00000000,0x00000000,0x00000000,0x00000000,0x00000000,0x00000000,
0x00000000,0x00000000,0x00000000,0x00010000,0x00000000,0x00000000,0x00000000,0x00000000,0x00000000,0x00010000,0x00000000,0x00000000,
0x00000000,0x00000000,0x00000000,0x00000000,0x00000000,0x00000000,0x00000000,0x00000000,0x00000000,0x00000000,0x00000000,0x00000000,
0x00010000,0x00000000,0x00000000,0x00000000,0x00000000,0x00000000,0x00000000,0x00000000,0x00000000,0x00000000,0x00000000,0x00000000,
0x00000000,0x00000000,0x00010000,0x00000000,0x00000000,0x00000000,0x00000000,0x00000000,0x00000000,0x00000000,0x00000000,0x00000000,
0x00000000,0x00000000,0x00000000,0x00000000,0x00000000,0x00000000,0x00000000,0x00000000,0x00000000,0x00000000,0x00000000,0x00000000,
0x00000000,0x00000000,0x00000000,0x00000000,0x00000000,0x00000000,0x00000000,0x00000000,0x00000000,0x00000000,0x00000000,0x00000000,
0x00000000,0x00000000,0x00000000,0x00000000,0x00000000,0x00000000,0x00000000,0x00000000,0x00000000,0x00000000,0x00000000,0x00000000,
0x00000000,0x00000000,0x00000000,0x00010000,0x00000000,0x00000000,0x00000000,0x00000000,0x00000000,0x00000000,0x00000000,0x00000000,
0x00000000,0x00000000,0x00000000,0x00000000,0x00000000,0x00000000,0x00000000,0x00000000,0x00000000,0x00000000,0x00000000,0x00000000,
0x00000000,0x00000000,0x00000000,0x00000000,0x00000000,0x00000000,0x00000000,0x00000000,0x00000000,0x00000000,0x00000000,0x00000000,
0x00000000,0x00000000,0x00000000,0x00000000,0x00010000,0x00000000,0x00000000,0x00000000,0x00000000,0x00000000,0x00000000,0x00000000,
0x00010000,0x00000000,0x00000000,0x00000000,0x00000000,0x00000000,0x00010000,0x00000000,0x00000000,0x00000000,0x00010000,0x00000000,
0x00000000,0x00010000,0x00000000,0x00000000,0x00000000,0x00000000,0x00000000,0x00000000,0x00000000,0x00000000,0x00000000,0x00000000,
0x00000000,0x00000000,0x00000000,0x00010000,0x00000000,0x00000000,0x00000000,0x00000000,0x00000000,0x00000000,0x00000000,0x00000000,
0x00000000,0x00000000,0x00000000,0x00010000,0x00000000,0x00000000,0x00000000,0x00000000,0x00000000,0x00000000,0x00000000,0x00000000,
0x00000000,0x00000000,0x00000000,0x00000000,0x00000000,0x00000000,0x00000000,0x00010000,0x00010000,0x00000000,0x00000000,0x00000000,
0x00000000,0x00000000,0x00000000,0x00000000,0x00000000,0x00000000,0x00000000,0x00000000,0x00000000,0x00000000,0x00000000,0x00000000,
0x00000000,0x00010000,0x00000000,0x00010000,0x00000000,0x00000000,0x00000000,0x00000000,0x00010000,0x00000000,0x00000000,0x00000000,
0x00000000,0x00000000,0x00000000,0x00000000,0x00000000,0x00000000,0x00000000,0x00000000,0x00000000,0x00000000,0x00000000,0x00000000,
0x00000000,0x00000000,0x00000000,0x00000000,0x00000000,0x00000000,0x00000000,0x00000000,0x00000000,0x00000000,0x00000000,0x00000000,
0x00000000,0x00000000,0x00010000,0x00000000,0x00000000,0x00000000,0x00000000,0x00000000,0x00000000,0x00000000,0x00000000,0x00010000,
0x00000000,0x00010000,0x00000000,0x00000000,0x00000000,0x00000000,0x00000000,0x00000000,0x00000000,0x00000000,0x00010000,0x00000000,
0x00000000,0x00000000,0x00000000,0x00000000,0x00000000,0x00000000,0x00000000,0x00000000,0x00000000,0x00000000,0x00000000,0x00000000,
0x00000000,0x00000000,0x00010000,0x00000000,0x00000000,0x00000000,0x00000000,0x00000000,0x00000000,0x00000000,0x00000000,0x00000000,
0x00000000,0x00000000,0x00000000,0x00000000,0x00000000,0x00000000,0x00000000,0x00000000,0x00000000,0x00000000,0x00000000,0x00000000,
0x00000000,0x00000000,0x00000000,0x00010000,0x00000000,0x00000000,0x00000000,0x00000000,0x00000000,0x00000000,0x00010000,0x00000000,
0x00000000,0x00010000,0x00000000,0x00000000,0x00000000,0x00000000,0x00000000,0x00010000,0x00000000,0x00000000,0x00000000,0x00000000,
0x00000000,0x00000000,0x00000000,0x00010000,0x00000000,0x00000000,0x00000000,0x00000000,0x00000000,0x00000000,0x00000000,0x00000000,
0x00000000,0x00000000,0x00000000,0x00000000,0x00000000,0x00000000,0x00000000,0x00000000,0x00000000,0x00000000,0x00010000,0x00000000,
0x00000000,0x00000000,0x00000000,0x00000000,0x00000000,0x00000000,0x00000000,0x00000000,0x00000000,0x00000000,0x00000000,0x00000000,
0x00000000,0x00000000,0x00000000,0x00000000,0x00000000,0x00000000,0x00000000,0x00000000,0x00000000,0x00000000,0x00000000,0x00000000,
0x00000000,0x00000000,0x00000000,0x00000000,0x00000000,0x00000000,0x00000000,0x00000000,0x00000000,0x00000000,0x00000000,0x00000000,
0x00000000,0x00000000,0x00000000,0x00000000,0x00000000,0x00000000,0x00000000,0x00010000,0x00000000,0x00000000,0x00000000,0x00000000,
0x00010000,0x00000000,0x00000000,0x00000000,0x00000000,0x00000000,0x00000000,0x00000000,0x00000000,0x00000000,0x00000000,0x00000000,
0x00000000,0x00000000,0x00000000,0x00000000,0x00000000,0x00000000,0x00010000,0x00000000,0x00000000,0x00000000,0x00000000,0x00000000,
0x00000000,0x00010000,0x00000000,0x00000000,0x00000000,0x00000000,0x00000000,0x00000000,0x00000000,0x00000000,0x00000000,0x00000000,
0x00000000,0x00000000,0x00000000,0x00000000,0x00000000,0x00000000,0x00000000,0x00000000,0x00000000,0x00000000,0x00000000,0x00000000,
0x00000000,0x00000000,0x00000000,0x00000000,0x00000000,0x00000000,0x00000000,0x00000000,0x00000000,0x00000000,0x00000000,0x00000000,
0x00000000,0x00000000,0x00000000,0x00010000,0x00000000,0x00010000,0x00000000,0x00000000,0x00000000,0x00000000,0x00010000,0x00000000,
0x00000000,0x00000000,0x00000000,0x00000000,0x00000000,0x00000000,0x00010000,0x00000000,0x00000000,0x00000000,0x00000000,0x00000000,
0x00000000,0x00000000,0x00000000,0x00000000,0x00010000,0x00000000,0x00000000,0x00000000,0x00000000,0x00000000,0x00000000,0x00000000,
0x00000000,0x00000000,0x00010000,0x00000000,0x00000000,0x00000000,0x00000000,0x00000000,0x00000000,0x00000000,0x00000000,0x00000000,
0x00000000,0x00000000,0x00000000,0x00000000,0x00000000,0x00000000,0x00000000,0x00000000,0x00000000,0x00000000,0x00000000,0x00000000,
0x00000000,0x00000000,0x00000000,0x00000000,0x00000000,0x00010000,0x00000000,0x00000000,0x00000000,0x00000000,0x00000000,0x00000000,
0x00000000,0x00000000,0x00000000,0x00000000,0x00000000,0x00000000,0x00000000,0x00000000,0x00010000,0x00000000,0x00000000,0x00000000,
0x00000000,0x00000000,0x00010000,0x00000000,0x00000000,0x00000000,0x00000000,0x00000000,0x00000000,0x00000000,0x00000000,0x00000000,
0x00000000,0x00000000,0x00000000,0x00000000,0x00000000,0x00000000,0x00000000,0x00000000,0x00000000,0x00010000,0x00000000,0x00000000,
0x00000000,0x00010000,0x00000000,0x00000000,0x00000000,0x00000000,0x00000000,0x00000000,0x00000000,0x00000000,0x00000000,0x00000000,
0x00000000,0x00000000,0x00000000,0x00000000,0x00000000,0x00000000,0x00000000,0x00000000,0x00000000,0x00000000,0x00010000,0x00000000,
0x00000000,0x00000000,0x00000000,0x00000000,0x00000000,0x00000000,0x00000000,0x00000000,0x00000000,0x00000000,0x00000000,0x00010000,
0x00000000,0x00000000,0x00000000,0x00000000,0x00000000,0x00000000,0x00000000,0x00000000,0x00000000,0x00010000,0x00000000,0x00000000,
0x00000000,0x00000000,0x00000000,0x00010000,0x00000000,0x00000000,0x00000000,0x00000000,0x00000000,0x00000000,0x00000000,0x00000000,
0x00000000,0x00000000,0x00000000,0x00000000,0x00000000,0x00000000,0x00000000,0x00000000,0x00000000,0x00000000,0x00000000,0x00000000,
0x00000000,0x00000000,0x00000000,0x00000000,0x00000000,0x00000000,0x00000000,0x00000000,0x00000000,0x00000000,0x00000000,0x00000000,
0x00010000,0x00000000,0x00000000,0x00000000,0x00000000,0x00010000,0x00000000,0x00000000,0x00000000,0x00000000,0x00000000,0x00000000,
0x00000000,0x00000000,0x00000000,0x00010000,0x00000000,0x00000000,0x00000000,0x00000000,0x00000000,0x00000000,0x00000000,0x00000000,
0x00000000,0x00000000,0x00000000,0x00000000,0x00000000,0x00000000,0x00000000,0x00000000,0x00000000,0x00010000,0x00000000,0x00000000,
0x00000000,0x00000000,0x00000000,0x00000000,0x00000000,0x00000000,0x00000000,0x00000000,0x00000000,0x00000000,0x00000000,0x00000000,
0x00000000,0x00000000,0x00000000,0x00000000,0x00010000,0x00010000,0x00000000,0x00000000,0x00000000,0x00000000,0x00000000,0x00000000,
0x00000000,0x00000000,0x00000000,0x00000000,0x00000000,0x00000000,0x00000000,0x00000000,0x00000000,0x00000000,0x00000000,0x00000000,
0x00000000,0x00000000,0x00000000,0x00010000,0x00000000,0x00000000,0x00010000,0x00010000,0x00000000,0x00000000,0x00010000,0x00000000,
0x00000000,0x00000000,0x00000000,0x00000000,0x00000000,0x00000000,0x00000000,0x00000000,0x00000000,0x00000000,0x00000000,0x00000000,
0x00000000,0x00000000,0x00000000,0x00000000,0x00000000,0x00000000,0x00000000,0x00000000,0x00000000,0x00000000,0x00000000,0x00000000,
0x00000000,0x00000000,0x00000000,0x00000000,0x00000000,0x00000000,0x00000000,0x00010000,0x00000000,0x00000000,0x00000000,0x00000000,
0x00000000,0x00010000,0x00000000,0x00000000,0x00000000,0x00000000,0x00000000,0x00000000,0x00000000,0x00000000,0x00000000,0x00000000,
0x00000000,0x00000000,0x00010000,0x00000000,0x00000000,0x00000000,0x00000000,0x00000000,0x00000000,0x00000000,0x00000000,0x00000000,
0x00000000,0x00000000,0x00010000,0x00000000,0x00000000,0x00010000,0x00000000,0x00000000,0x00000000,0x00000000,0x00000000,0x00000000,
0x00000000,0x00000000,0x00000000,0x00000000,0x00000000,0x00000000,0x00000000,0x00000000,0x00000000,0x00010000,0x00000000,0x00000000,
0x00000000,0x00000000,0x00010000,0x00000000,0x00000000,0x00000000,0x00000000,0x00000000,0x00000000,0x00000000,0x00000000,0x00000000,
0x00000000,0x00000000,0x00000000,0x00000000,0x00000000,0x00000000,0x00000000,0x00000000,0x00000000,0x00000000,0x00000000,0x00000000,
0x00010000,0x00000000,0x00000000,0x00000000,0x00000000,0x00000000,0x00000000,0x00000000,0x00000000,0x00000000,0x00000000,0x00000000,
0x00000000,0x00000000,0x00000000,0x00000000,0x00000000,0x00000000,0x00000000,0x00000000,0x00000000,0x00000000,0x00000000,0x00000000,
0x00000000,0x00000000,0x00000000,0x00000000,0x00000000,0x00000000,0x00000000,0x00000000,0x00000000,0x00000000,0x00000000,0x00000000,
0x00000000,0x00010000,0x00010000,0x00000000,0x00000000,0x00000000,0x00000000,0x00000000,0x00000000,0x00000000,0x00000000,0x00000000,
0x00000000,0x00000000,0x00000000,0x00000000,0x00000000,0x00000000,0x00000000,0x00000000,0x00000000,0x00000000,0x00000000,0x00000000,
0x00000000,0x00000000,0x00000000,0x00010000,0x00000000,0x00000000,0x00000000,0x00000000,0x00010000,0x00000000,0x00000000,0x00000000,
0x00000000,0x00000000,0x00000000,0x00000000,0x00000000,0x00000000,0x00000000,0x00000000,0x00000000,0x00000000,0x00000000,0x00000000,
0x00000000,0x00000000,0x00000000,0x00000000,0x00000000,0x00000000,0x00000000,0x00010000,0x00000000,0x00000000,0x00000000,0x00000000,
0x00000000,0x00000000,0x00000000,0x00000000,0x00000000,0x00000000,0x00000000,0x00000000,0x00000000,0x00000000,0x00000000,0x00000000,
0x00010000,0x00000000,0x00000000,0x00000000,0x00010000,0x00000000,0x00000000,0x00000000,0x00000000,0x00000000,0x00000000,0x00000000,
0x00000000,0x00000000,0x00000000,0x00000000,0x00010000,0x00000000,0x00000000,0x00000000,0x00000000,0x00000000,0x00000000,0x00000000,
0x00000000,0x00000000,0x00000000,0x00000000,0x00000000,0x00000000,0x00000000,0x00000000,0x00000000,0x00000000,0x00000000,0x00000000,
0x00000000,0x00000000,0x00000000,0x00000000,0x00010000,0x00000000,0x00000000,0x00000000,0x00000000,0x00000000,0x00000000,0x00000000,
0x00000000,0x00000000,0x00000000,0x00000000,0x00000000,0x00000000,0x00010000,0x00000000,0x00000000,0x00000000,0x00000000,0x00000000,
0x00000000,0x00000000,0x00000000,0x00000000,0x00000000,0x00000000,0x00000000,0x00000000,0x00000000,0x00000000,0x00000000,0x00000000,
0x00000000,0x00000000,0x00000000,0x00000000,0x00000000,0x00000000,0x00000000,0x00000000,0x00000000,0x00000000,0x00000000,0x00000000,
0x00000000,0x00000000,0x00000000,0x00000000,0x00000000,0x00000000,0x00000000,0x00000000,0x00000000,0x00000000,0x00000000,0x00000000,
0x00000000,0x00000000,0x00000000,0x00010000,0x00000000,0x00000000,0x00000000,0x00000000,0x00000000,0x00000000,0x00000000,0x00000000,
0x00000000,0x00000000,0x00000000,0x00000000,0x00000000,0x00000000,0x00000000,0x00000000,0x00000000,0x00000000,0x00000000,0x00000000,
0x00000000,0x00000000,0x00000000,0x00000000,0x00000000,0x00000000,0x00000000,0x00000000,0x00000000,0x00000000,0x00000000,0x00000000,
0x00000000,0x00000000,0x00000000,0x00000000,0x00000000,0x00000000,0x00010000,0x00000000,0x00000000,0x00000000,0x00000000,0x00010000,
0x00000000,0x00000000,0x00000000,0x00000000,0x00000000,0x00000000,0x00000000,0x00000000,0x00000000,0x00000000,0x00000000,0x00000000,
0x00000000,0x00000000,0x00000000,0x00010000,0x00000000,0x00000000,0x00000000,0x00000000,0x00000000,0x00000000,0x00000000,0x00000000,
0x00000000,0x00000000,0x00000000,0x00000000,0x00000000,0x00000000,0x00000000,0x00000000,0x00000000,0x00000000,0x00000000,0x00000000,
0x00010000,0x00000000,0x00000000,0x00000000,0x00000000,0x00000000,0x00000000,0x00000000,0x00000000,0x00000000,0x00000000,0x00000000,
0x00000000,0x00000000,0x00000000,0x00000000,0x00000000,0x00000000,0x00000000,0x00000000,0x00000000,0x00000000,0x00000000,0x00000000,
0x00000000,0x00010000,0x00000000,0x00000000,0x00000000,0x00000000,0x00010000,0x00000000,0x00000000,0x00000000,0x00000000,0x00000000,
0x00000000,0x00000000,0x00000000,0x00000000,0x00000000,0x00000000,0x00000000,0x00000000,0x00000000,0x00000000,0x00000000,0x00000000,
0x00000000,0x00010000,0x00000000,0x00000000,0x00000000,0x00000000,0x00000000,0x00000000,0x00000000,0x00000000,0x00000000,0x00000000,
0x00000000,0x00000000,0x00000000,0x00000000,0x00000000,0x00000000,0x00000000,0x00000000,0x00000000,0x00010000,0x00000000,0x00000000,
0x00000000,0x00000000,0x00000000,0x00000000,0x00000000,0x00000000,0x00000000,0x00000000,0x00000000,0x00000000,0x00000000,0x00000000,
0x00000000,0x00000000,0x00000000,0x00000000,0x00000000,0x00000000,0x00000000,0x00000000,0x00000000,0x00000000,0x00000000,0x00000000,
0x00000000,0x00000000,0x00000000,0x00010000,0x00000000,0x00000000,0x00000000,0x00000000,0x00000000,0x00010000,0x00000000,0x00000000,
0x00000000,0x00000000,0x00000000,0x00000000,0x00000000,0x00000000,0x00010000,0x00000000,0x00000000,0x00010000,0x00010000,0x00000000,
0x00000000,0x00000000,0x00000000,0x00000000,0x00000000,0x00000000,0x00000000,0x00000000,0x00000000,0x00010000,0x00000000,0x00000000,
0x00000000,0x00000000,0x00000000,0x00000000,0x00000000,0x00010000,0x00000000,0x00000000,0x00000000,0x00000000,0x00000000,0x00000000,
0x00000000,0x00000000,0x00000000,0x00000000,0x00000000,0x00010000,0x00000000,0x00000000,0x00000000,0x00000000,0x00000000,0x00000000,
0x00000000,0x00000000,0x00000000,0x00000000,0x00000000,0x00010000,0x00000000,0x00000000,0x00010000,0x00000000,0x00000000,0x00000000,
0x00000000,0x00000000,0x00000000,0x00000000,0x00000000,0x00010000,0x00000000,0x00000000,0x00000000,0x00000000,0x00000000,0x00000000,
0x00000000,0x00000000,0x00000000,0x00000000,0x00000000,0x00000000,0x00000000,0x00000000,0x00010000,0x00000000,0x00000000,0x00000000,
0x00000000,0x00000000,0x00000000,0x00000000,0x00000000,0x00000000,0x00000000,0x00000000,0x00000000,0x00000000,0x00000000,0x00000000,
0x00000000,0x00000000,0x00000000,0x00000000,0x00000000,0x00000000,0x00000000,0x00000000,0x00000000,0x00000000,0x00000000,0x00000000,
0x00000000,0x00000000,0x00000000,0x00000000,0x00000000,0x00000000,0x00000000,0x00000000,0x00000000,0x00000000,0x00010000,0x00000000,
0x00000000,0x00000000,0x00000000,0x00000000,0x00000000,0x00010000,0x00000000,0x00010000,0x00000000,0x00000000,0x00000000,0x00000000,
0x00000000,0x00000000,0x00000000,0x00000000,0x00000000,0x00000000,0x00000000,0x00000000,0x00010000,0x00000000,0x00000000,0x00000000,
0x00000000,0x00000000,0x00000000,0x00000000,0x00000000,0x00000000,0x00000000,0x00000000,0x00000000,0x00000000,0x00000000,0x00000000,
0x00000000,0x00000000,0x00000000,0x00000000,0x00000000,0x00000000,0x00000000,0x00000000,0x00000000,0x00000000,0x00000000,0x00000000,
0x00000000,0x00000000,0x00000000,0x00000000,0x00000000,0x00000000,0x00000000,0x00000000,0x00000000,0x00000000,0x00000000,0x00000000,
0x00000000,0x00000000,0x00000000,0x00000000,0x00000000,0x00000000,0x00000000,0x00000000,0x00000000,0x00000000,0x00010000,0x00000000,
0x00000000,0x00000000,0x00000000,0x00000000,0x00000000,0x00000000,0x00000000,0x00000000,0x00000000,0x00000000,0x00000000,0x00000000,
0x00000000,0x00000000,0x00000000,0x00000000,0x00000000,0x00010000,0x00000000,0x00000000,0x00000000,0x00000000,0x00000000,0x00000000,
0x00000000,0x00000000,0x00000000,0x00000000,0x00000000,0x00000000,0x00000000,0x00000000,0x00000000,0x00000000,0x00000000,0x00000000,
0x00000000,0x00000000,0x00000000,0x00010000,0x00000000,0x00000000,0x00000000,0x00000000,0x00000000,0x00000000,0x00010000,0x00010000,
0x00000000,0x00000000,0x00000000,0x00000000,0x00010000,0x00000000,0x00000000,0x00000000,0x00000000,0x00000000,0x00000000,0x00000000,
0x00000000,0x00000000,0x00000000,0x00000000,0x00000000,0x00000000,0x00000000,0x00000000,0x00000000,0x00000000,0x00000000,0x00000000,
0x00000000,0x00000000,0x00000000,0x00000000,0x00000000,0x00000000,0x00000000,0x00000000,0x00000000,0x00000000,0x00000000,0x00000000,
0x00000000,0x00000000,0x00010000,0x00000000,0x00000000,0x00000000,0x00000000,0x00000000,0x00000000,0x00000000,0x00000000,0x00000000,
0x00000000,0x00000000,0x00000000,0x00000000,0x00000000,0x00000000,0x00000000,0x00000000,0x00000000,0x00000000,0x00000000,0x00000000,
0x00000000,0x00000000,0x00000000,0x00000000,0x00000000,0x00000000,0x00000000,0x00000000,0x00000000,0x00000000,0x00000000,0x00000000,
0x00010000,0x00000000,0x00000000,0x00000000,0x00000000,0x00000000,0x00000000,0x00000000,0x00000000,0x00000000,0x00000000,0x00000000,
0x00000000,0x00000000,0x00000000,0x00000000,0x00000000,0x00000000,0x00000000,0x00000000,0x00000000,0x00000000,0x00000000,0x00000000,
0x00000000,0x00000000,0x00000000,0x00000000,0x00000000,0x00000000,0x00000000,0x00000000,0x00000000,0x00000000,0x00000000,0x00000000,
0x00000000,0x00000000,0x00000000,0x00000000,0x00000000,0x00000000,0x00000000,0x00000000,0x00000000,0x00000000,0x00000000,0x00000000,
0x00000000,0x00000000,0x00000000,0x00000000,0x00000000,0x00000000,0x00000000,0x00000000,0x00000000,0x00000000,0x00010000,0x00000000,
0x00000000,0x00000000,0x00000000,0x00000000,0x00000000,0x00000000,0x00000000,0x00000000,0x00000000,0x00000000,0x00000000,0x00000000,
0x00000000,0x00000000,0x00000000,0x00000000,0x00000000,0x00000000,0x00000000,0x00000000,0x00000000,0x00000000,0x00000000,0x00000000,
0x00000000,0x00000000,0x00000000,0x00010000,0x00000000,0x00000000,0x00000000,0x00000000,0x00000000,0x00010000,0x00000000,0x00000000,
0x00000000,0x00000000,0x00000000,0x00000000,0x00000000,0x00000000,0x00000000,0x00000000,0x00000000,0x00000000,0x00000000,0x00010000,
0x00000000,0x00000000,0x00000000,0x00000000,0x00000000,0x00000000,0x00000000,0x00000000,0x00000000,0x00000000,0x00000000,0x00000000,
0x00000000,0x00000000,0x00000000,0x00000000,0x00000000,0x00000000,0x00000000,0x00000000,0x00000000,0x00000000,0x00000000,0x00000000,
0x00000000,0x00000000,0x00000000,0x00000000,0x00000000,0x00000000,0x00000000,0x00000000,0x00000000,0x00000000,0x00000000,0x00000000,
0x00000000,0x00000000,0x00000000,0x00000000,0x00000000,0x00000000,0x00000000,0x00000000,0x00000000,0x00000000,0x00000000,0x00000000,
0x00000000,0x00000000,0x00000000,0x00000000,0x00000000,0x00000000,0x00000000,0x00000000,0x00000000,0x00000000,0x00000000,0x00000000,
0x00000000,0x00000000,0x00000000,0x00000000,0x00000000,0x00000000,0x00000000,0x00000000,0x00000000,0x00000000,0x00000000,0x00000000,
0x00000000,0x00000000,0x00000000,0x00000000,0x00000000,0x00000000,0x00000000,0x00000000,0x00000000,0x00000000,0x00000000,0x00000000,
0x00000000,0x00000000,0x00000000,0x00000000,0x00000000,0x00000000,0x00000000,0x00000000,0x00000000,0x00000000,0x00000000,0x00000000,
0x00000000,0x00010000,0x00000000,0x00010100,0x00000000,0x00000000,0x00000000,0x00000000,0x00000000,0x00000000,0x00000000,0x00000000,
0x00000000,0x00000000,0x00000000,0x00000000,0x00000000,0x00000000,0x00000000,0x00000000,0x00000000,0x00000000,0x00000000,0x00000000,
0x00000000,0x00000000,0x00000000,0x00000000,0x00000000,0x00000000,0x00000000,0x00000000,0x00000000,0x00000000,0x00000000,0x00000000,
0x00000000,0x00000000,0x00000000,0x00000000,0x00000000,0x00000000,0x00000000,0x00000000,0x00000000,0x00000000,0x00000000,0x00000000,
0x00000000,0x00010000,0x00000000,0x00000000,0x00000000,0x00000000,0x00000000,0x00010000,0x00000000,0x00000000,0x00000000,0x00000000,
0x00010000,0x00000000,0x00000000,0x00000000,0x00000000,0x00000000,0x00000000,0x00000000,0x00000000,0x00010000,0x00000000,0x00000000,
0x00000000,0x00000000,0x00000000,0x00000000,0x00010000,0x00000000,0x00000000,0x00000000,0x00000000,0x00000000,0x00000000,0x00000000,
0x00000000,0x00000000,0x00000000,0x00000000,0x00000000,0x00000000,0x00000000,0x00000000,0x00000000,0x00000000,0x00000000,0x00000000,
0x00000000,0x00000000,0x00000000,0x00000000,0x00000000,0x00000000,0x00000000,0x00000000,0x00000000,0x00000000,0x00000000,0x00000000,
0x00000000,0x00000000,0x00000000,0x00000000,0x00000000,0x00000000,0x00000000,0x00000000,0x00000000,0x00000000,0x00000000,0x00000000,
0x00000000,0x00000000,0x00000000,0x00000000,0x00000000,0x00000000,0x00000000,0x00000000,0x00000000,0x00000000,0x00000000,0x00000000,
0x00000000,0x00000000,0x00000000,0x00000000,0x00000000,0x00000000,0x00000000,0x00000000,0x00000000,0x00000000,0x00000000,0x00000000,
0x00000000,0x00000000,0x00000000,0x00000000,0x00000000,0x00000000,0x00000000,0x00000000,0x00000000,0x00000000,0x00000000,0x00000000,
0x00000000,0x00000000,0x00000000,0x00000000,0x00000000,0x00000000,0x00000000,0x00000000,0x00000000,0x00000000,0x00000000,0x00000000,
0x00000000,0x00000000,0x00000000,0x00000000,0x00000000,0x00000000,0x00000000,0x00010000,0x00000000,0x00000000,0x00000000,0x00000000,
0x00000000,0x00000000,0x00000000,0x00000000,0x00000000,0x00000000,0x00000000,0x00000000,0x00000000,0x00000000,0x00000000,0x00000000,
0x00000000,0x00000000,0x00000000,0x00000000,0x00000000,0x00000000,0x00000000,0x00000000,0x00000000,0x00000000,0x00000000,0x00000000,
0x00000000,0x00000000,0x00010000,0x00010000,0x00000000,0x00000000,0x00000000,0x00000000,0x00000000,0x00000000,0x00000000,0x00000000,
0x00000000,0x00000000,0x00000000,0x00010000,0x00000000,0x00000000,0x00000000,0x00000000,0x00000000,0x00000000,0x00000000,0x00000000,
0x00000000,0x00000000,0x00000000,0x00000000,0x00000000,0x00000000,0x00000000,0x00000000,0x00000000,0x00000000,0x00000000,0x00000000,
0x00000000,0x00000000,0x00000000,0x00000000,0x00000000,0x00000000,0x00000000,0x00000000,0x00000000,0x00000000,0x00000000,0x00000000,
0x00000000,0x00000000,0x00000000,0x00000000,0x00000000,0x00000000,0x00000000,0x00000000,0x00000000,0x00000000,0x00000000,0x00000000,
0x00000000,0x00010000,0x00000000,0x00000000,0x00000000,0x00000000,0x00000000,0x00000000,0x00000000,0x00000000,0x00000000,0x00000000,
0x00000000,0x00000000,0x00000000,0x00000000,0x00000000,0x00000000,0x00000000,0x00000000,0x00000000,0x00000000,0x00000000,0x00000000,
0x00000000,0x00000000,0x00000000,0x00000000,0x00000000,0x00010000,0x00000000,0x00000000,0x00000000,0x00000000,0x00000000,0x00010000,
0x00000000,0x00000000,0x00010000,0x00000000,0x00000000,0x00000000,0x00000000,0x00000000,0x00000000,0x00000000,0x00000000,0x00000000,
0x00000000,0x00000000,0x00000000,0x00000000,0x00000000,0x00000000,0x00000000,0x00000000,0x00000000,0x00000000,0x00000000,0x00000000,
0x00000000,0x00000000,0x00000000,0x00000000,0x00000000,0x00000000,0x00000000,0x00000000,0x00000000,0x00000000,0x00000000,0x00000000,
0x00000000,0x00000000,0x00000000,0x00000000,0x00000000,0x00000000,0x00000000,0x00000000,0x00000000,0x00000000,0x00000000,0x00000000,
0x00000000,0x00000000,0x00000000,0x00000000,0x00000000,0x00010100,0x00000000,0x00000000,0x00000000,0x00000000,0x00000000,0x00000000,
0x00000000,0x00000000,0x00000000,0x00000000,0x00000000,0x00000000,0x00010000,0x00010000,0x00000000,0x00000000,0x00000000,0x00000000,
0x00000000,0x00000000,0x00000000,0x00000000,0x00000000,0x00000000,0x00000000,0x00000000,0x00000000,0x00000000,0x00010000,0x00000000,
0x00000000,0x00000000,0x00000000,0x00000000,0x00000000,0x00000000,0x00000000,0x00000000,0x00000000,0x00000000,0x00000000,0x00000000,
0x00000000,0x00010000,0x00000000,0x00000000,0x00000000,0x00000000,0x00000000,0x00000000,0x00000000,0x00000000,0x00000000,0x00000000,
0x00000000,0x00000000,0x00010000,0x00000000,0x00000000,0x00000000,0x00000000,0x00000000,0x00000000,0x00000000,0x00000000,0x00000000,
0x00000000,0x00000000,0x00000000,0x00000000,0x00000000,0x00000000,0x00000000,0x00000000,0x00000000,0x00000000,0x00000000,0x00000000,
0x00000000,0x00000000,0x00000000,0x00000000,0x00000000,0x00000000,0x00000000,0x00000000,0x00000000,0x00000000,0x00000000,0x00000000,
0x00000000,0x00000000,0x00000000,0x00000000,0x00000000,0x00000000,0x00000000,0x00000000,0x00000000,0x00000000,0x00000000,0x00000000,
0x00010000,0x00010000,0x00000000,0x00000000,0x00000000,0x00000000,0x00000000,0x00000000,0x00000000,0x00000000,0x00000000,0x00000000,
0x00000000,0x00000000,0x00000000,0x00000000,0x00000000,0x00000000,0x00000000,0x00000000,0x00000000,0x00000000,0x00000000,0x00000000,
0x00000000,0x00000000,0x00000000,0x00000000,0x00000000,0x00000000,0x00000000,0x00000000,0x00000000,0x00000000,0x00000000,0x00000000,
0x00000000,0x00000000,0x00000000,0x00000000,0x00000000,0x00000000,0x00000000,0x00000000,0x00000000,0x00000000,0x00000000,0x00000000,
0x00000000,0x00000000,0x00000000,0x00000000,0x00000000,0x00000000,0x00000000,0x00000000,0x00000000,0x00000000,0x00000000,0x00000000,
0x00000000,0x00000000,0x00000000,0x00000000,0x00000000,0x00000000,0x00000000,0x00000000,0x00000000,0x00000000,0x00000000,0x00000000,
0x00000000,0x00000000,0x00000000,0x00000000,0x00000000,0x00000000,0x00000000,0x00000000,0x00000000,0x00000000,0x00000000,0x00000000,
0x00000000,0x00000000,0x00000000,0x00010000,0x00000000,0x00000000,0x00000000,0x00000000,0x00000000,0x00000000,0x00000000,0x00000000,
0x00000000,0x00000000,0x00000000,0x00000000,0x00000000,0x00000000,0x00010000,0x00000000,0x00000000,0x00000000,0x00000000,0x00000000,
0x00000000,0x00000000,0x00000000,0x00000000,0x00000000,0x00000000,0x00000000,0x00000000,0x00000000,0x00000000,0x00000000,0x00000000,
0x00000000,0x00000000,0x00000000,0x00000000,0x00000000,0x00000000,0x00000000,0x00000000,0x00000000,0x00000000,0x00000000,0x00000000,
0x00000000,0x00000000,0x00000000,0x00000000,0x00000000,0x00010000,0x00000000,0x00000000,0x00000000,0x00000000,0x00000000,0x00000000,
0x00000000,0x00000000,0x00000000,0x00000000,0x00000000,0x00000000,0x00000000,0x00000000,0x00000000,0x00000000,0x00000000,0x00000000,
0x00000000,0x00000000,0x00000000,0x00000000,0x00000000,0x00010000,0x00000000,0x00000000,0x00000000,0x00000000,0x00000000,0x00000000,
0x00000000,0x00000000,0x00000000,0x00000000,0x00000000,0x00000000,0x00000000,0x00000000,0x00000000,0x00000000,0x00000000,0x00000000,
0x00000000,0x00000000,0x00000000,0x00000000,0x00000000,0x00000000,0x00010000,0x00000000,0x00000000,0x00000000,0x00000000,0x00000000,
0x00000000,0x00000000,0x00000000,0x00000000,0x00000000,0x00000000,0x00000000,0x00000000,0x00000000,0x00000000,0x00000000,0x00000000,
0x00000000,0x00000000,0x00000000,0x00000000,0x00000000,0x00000000,0x00000000,0x00000000,0x00000000,0x00000000,0x00000000,0x00000000,
0x00010000,0x00000000,0x00000000,0x00000000,0x00000000,0x00000000,0x00010000,0x00000000,0x00000000,0x00000000,0x00000000,0x00000000,
0x00000000,0x00000000,0x00000000,0x00000000,0x00000000,0x00000000,0x00000000,0x00000000,0x00000000,0x00000000,0x00000000,0x00000000,
0x00000000,0x00000000,0x00000000,0x00000000,0x00000000,0x00000000,0x00000000,0x00010000,0x00000000,0x00000000,0x00000000,0x00000000,
0x00000000,0x00010000,0x00000000,0x00000000,0x00000000,0x00000000,0x00000000,0x00000000,0x00000000,0x00000000,0x00000000,0x00000000,
0x00000000,0x00000000,0x00000000,0x00000000,0x00010000,0x00000000,0x00000000,0x00000000,0x00000000,0x00000000,0x00000000,0x00000000,
0x00000000,0x00000000,0x00000000,0x00000000,0x00000000,0x00000000,0x00000000,0x00000000,0x00000000,0x00000000,0x00000000,0x00000000,
0x00000000,0x00000000,0x00000000,0x00000000,0x00000000,0x00000000,0x00000000,0x00000000,0x00000000,0x00000000,0x00000000,0x00000000,
0x00000000,0x00000000,0x00000000,0x00000000,0x00000000,0x00000000,0x00000000,0x00000000,0x00000000,0x00000000,0x00000000,0x00000000,
0x00010000,0x00000000,0x00000000,0x00000000,0x00000000,0x00000000,0x00000000,0x00000000,0x00000000,0x00000000,0x00000000,0x00000000,
0x00000000,0x00000000,0x00000000,0x00000000,0x00010000,0x00000000,0x00000000,0x00000000,0x00000000,0x00000000,0x00000000,0x00000000,
0x00010000,0x00000000,0x00000000,0x00000000,0x00000000,0x00000000,0x00000000,0x00000000,0x00000000,0x00000000,0x00000000,0x00000000,
0x00000000,0x00000000,0x00000000,0x00000000,0x00000000,0x00000000,0x00000000,0x00000000,0x00000000,0x00000000,0x00000000,0x00000000,
0x00010000,0x00000000,0x00000000,0x00000000,0x00000000,0x00000000,0x00000000,0x00000000,0x00000000,0x00000000,0x00000000,0x00000000,
0x00000000,0x00000000,0x00000000,0x00000000,0x00000000,0x00000000,0x00000000,0x00000000,0x00000000,0x00000000,0x00000000,0x00000000,
0x00000000,0x00000000,0x00000000,0x00000000,0x00000000,0x00000000,0x00000000,0x00000000,0x00000000,0x00000000,0x00000000,0x00010000,
0x00010000,0x00000000,0x00000000,0x00000000,0x00000000,0x00000000,0x00000000,0x00000000,0x00000000,0x00000000,0x00000000,0x00000000,
0x00000000,0x00000000,0x00000000,0x00000000,0x00000000,0x00000000,0x00000000,0x00000000,0x00000000,0x00000000,0x00000000,0x00000000,
0x00000000,0x00010000,0x00000000,0x00000000,0x00000000,0x00000000,0x00000000,0x00000000,0x00000000,0x00000000,0x00000000,0x00010000,
0x00000000,0x00000000,0x00000000,0x00000000,0x00000000,0x00000000,0x00000000,0x00000000,0x00000000,0x00000000,0x00000000,0x00000000,
0x00000000,0x00000000,0x00000000,0x00000000,0x00000000,0x00000000,0x00000000,0x00000000,0x00000000,0x00000000,0x00000000,0x00000000,
0x00000000,0x00000000,0x00000000,0x00000000,0x00000000,0x00000000,0x00000000,0x00000000,0x00000000,0x00000000,0x00000000,0x00010000,
0x00000000,0x00000000,0x00000000,0x00000000,0x00000000,0x00000000,0x00000000,0x00000000,0x00000000,0x00000000,0x00000000,0x00000000,
0x00000000,0x00000000,0x00000000,0x00000000,0x00000000,0x00000000,0x00000000,0x00000000,0x00000000,0x00000000,0x00000000,0x00000000,
0x00000000,0x00000000,0x00000000,0x00000000,0x00010000,0x00000000,0x00000000,0x00000000,0x00000000,0x00000000,0x00000000,0x00000000,
0x00010000,0x00000000,0x00000000,0x00000000,0x00010000,0x00000000,0x00000000,0x00000000,0x00000000,0x00000000,0x00000000,0x00000000,
0x00000000,0x00000000,0x00000000,0x00000000,0x00000000,0x00000000,0x00000000,0x00000000,0x00000000,0x00000000,0x00000000,0x00000000,
0x00000000,0x00000000,0x00000000,0x00000000,0x00000000,0x00000000,0x00000000,0x00000000,0x00000000,0x00000000,0x00000000,0x00000000,
0x00000000,0x00000000,0x00000000,0x00000000,0x00000000,0x00000000,0x00000000,0x00000000,0x00000000,0x00000000,0x00000000,0x00000000,
0x00000000,0x00000000,0x00000000,0x00000000,0x00000000,0x00000000,0x00000000,0x00000000,0x00000000,0x00000000,0x00010000,0x00000000,
0x00000000,0x00000000,0x00000000,0x00000000,0x00000000,0x00000000,0x00010000,0x00000000,0x00000000,0x00000000,0x00000000,0x00000000,
0x00000000,0x00000000,0x00000000,0x00000000,0x00000000,0x00000000,0x00000000,0x00000000,0x00000000,0x00000000,0x00000000,0x00000000,
0x00000000,0x00000000,0x00000000,0x00000000,0x00000000,0x00000000,0x00000000,0x00000000,0x00000000,0x00000000,0x00000000,0x00000000,
0x00000000,0x00000000,0x00000000,0x00010000,0x00000000,0x00000000,0x00000000,0x00000000,0x00000000,0x00000000,0x00010000,0x00000000,
0x00000000,0x00000000,0x00000000,0x00000000,0x00000000,0x00000000,0x00000000,0x00000000,0x00000000,0x00000000,0x00000000,0x00000000,
0x00000000,0x00000000,0x00000000,0x00000000,0x00000000,0x00000000,0x00000000,0x00000000,0x00000000,0x00000000,0x00000000,0x00000000,
0x00000000,0x00000000,0x00000000,0x00000000,0x00000000,0x00000000,0x00010000,0x00000000,0x00000000,0x00000000,0x00000000,0x00000000,
0x00000000,0x00000000,0x00000000,0x00000000,0x00000000,0x00000000,0x00000000,0x00000000,0x00000000,0x00000000,0x00000000,0x00000000,
0x00010000,0x00000000,0x00000000,0x00000000,0x00000000,0x00000000,0x00000000,0x00000000,0x00000000,0x00000000,0x00000000,0x00000000,
0x00000000,0x00000000,0x00000000,0x00000000,0x00010000,0x00010000,0x00000000,0x00000000,0x00000000,0x00000000,0x00000000,0x00000000,
0x00000000,0x00000000,0x00000000,0x00000000,0x00000000,0x00000000,0x00000000,0x00000000,0x00000000,0x00010000,0x00000000,0x00000000,
0x00000000,0x00000000,0x00000000,0x00000000,0x00000000,0x00000000,0x00000000,0x00010000,0x00010000,0x00000000,0x00000000,0x00000000,
0x00000000,0x00000000,0x00000000,0x00000000,0x00000000,0x00000000,0x00000000,0x00000000,0x00010000,0x00000000,0x00000000,0x00000000,
0x00000000,0x00000000,0x00000000,0x00000000,0x00010000,0x00000000,0x00000000,0x00000000,0x00000000,0x00000000,0x00000000,0x00000000,
0x00000000,0x00000000,0x00000000,0x00000000,0x00000000,0x00000000,0x00000000,0x00000000,0x00000000,0x00000000,0x00000000,0x00010000,
0x00000000,0x00000000,0x00000000,0x00000000,0x00000000,0x00000000,0x00000000,0x00000000,0x00000000,0x00000000,0x00000000,0x00000000,
0x00000000,0x00000000,0x00000000,0x00000000,0x00000000,0x00000000,0x00000000,0x00010000,0x00000000,0x00000000,0x00000000,0x00000000,
0x00000000,0x00000000,0x00000000,0x00000000,0x00000000,0x00000000,0x00000000,0x00000000,0x00000000,0x00000000,0x00000000,0x00000000,
0x00000000,0x00000000,0x00000000,0x00000000,0x00000000,0x00000000,0x00000000,0x00000000,0x00000000,0x00000000,0x00000000,0x00000000,
0x00000000,0x00000000,0x00000000,0x00000000,0x00000000,0x00000000,0x00000000,0x00000000,0x00000000,0x00000000,0x00000000,0x00000000,
0x00000000,0x00000000,0x00000000,0x00000000,0x00000000,0x00000000,0x00010000,0x00000000,0x00000000,0x00010000,0x00000000,0x00000000,
0x00000000,0x00000000,0x00000000,0x00000000,0x00010000,0x00000000,0x00000000,0x00000000,0x00000000,0x00000000,0x00000000,0x00000000,
0x00000000,0x00000000,0x00000000,0x00000000,0x00000000,0x00000000,0x00000000,0x00000000,0x00000000,0x00010000,0x00000000,0x00000000,
0x00000000,0x00000000,0x00000000,0x00000000,0x00010000,0x00000000,0x00000000,0x00000000,0x00000000,0x00000000,0x00000000,0x00000000,
0x00010100,0x00000000,0x00000000,0x00000000,0x00000000,0x00000000,0x00000000,0x00000000,0x00000000,0x00000000,0x00000000,0x00000000,
0x00000000,0x00000000,0x00010000,0x00000000,0x00000000,0x00000000,0x00000000,0x00000000,0x00000000,0x00000000,0x00000000,0x00000000,
0x00000000,0x00010000,0x00000000,0x00010000,0x00000000,0x00000000,0x00000000,0x00000000,0x00000000,0x00000000,0x00000000,0x00000000,
0x00000000,0x00000000,0x00000000,0x00000000,0x00000000,0x00010100,0x00000000,0x00000000,0x00000000,0x00000000,0x00000000,0x00000000,
0x00000000,0x00000000,0x00000000,0x00000000,0x00000000,0x00000000,0x00000000,0x00000000,0x00000000,0x00000000,0x00000000,0x00000000,
0x00000000,0x00000000,0x00000000,0x00000000,0x00000000,0x00000000,0x00000000,0x00000000,0x00000000,0x00000000,0x00000000,0x00000000,
0x00000000,0x00000000,0x00000000,0x00000000,0x00000000,0x00000000,0x00000000,0x00000000,0x00000000,0x00000000,0x00010000,0x00010000,
0x00000000,0x00000000,0x00000000,0x00000000,0x00000000,0x00000000,0x00000000,0x00000000,0x00000000,0x00000000,0x00000000,0x00000000,
0x00000000,0x00000000,0x00000000,0x00000000,0x00000000,0x00000000,0x00000000,0x00000000,0x00000000,0x00000000,0x00000000,0x00000000,
0x00000000,0x00000000,0x00000000,0x00000000,0x00000000,0x00000000,0x00000000,0x00000000,0x00000000,0x00000000,0x00000000,0x00000000,
0x00000000,0x00000000,0x00000000,0x00000000,0x00010000,0x00000000,0x00000000,0x00000000,0x00000000,0x00000000,0x00000000,0x00000000,
0x00000000,0x00000000,0x00000000,0x00000000,0x00000000,0x00000000,0x00000000,0x00000000,0x00000000,0x00000000,0x00000000,0x00000000,
0x00000000,0x00010000,0x00000000,0x00000000,0x00000000,0x00000000,0x00000000,0x00000000,0x00000000,0x00000000,0x00000000,0x00000000,
0x00000000,0x00000000,0x00000000,0x00000000,0x00000000,0x00000000,0x00010000,0x00000000,0x00000000,0x00000000,0x00000000,0x00000000,
0x00000000,0x00000000,0x00000000,0x00000000,0x00000000,0x00000000,0x00000000,0x00000000,0x00000000,0x00000000,0x00000000,0x00000000,
0x00000000,0x00000000,0x00000000,0x00010000,0x00000000,0x00000000,0x00000000,0x00000000,0x00000000,0x00000000,0x00000000,0x00000000,
0x00000000,0x00000000,0x00000000,0x00000000,0x00000000,0x00000000,0x00000000,0x00000000,0x00000000,0x00000000,0x00000000,0x00000000,
0x00000000,0x00010000,0x00000000,0x00000000,0x00000000,0x00000000,0x00000000,0x00000000,0x00000000,0x00000000,0x00000000,0x00000000,
0x00000000,0x00000000,0x00000000,0x00000000,0x00000000,0x00000000,0x00000000,0x00000000,0x00000000,0x00000000,0x00000000,0x00000000,
0x00000000,0x00000000,0x00000000,0x00000000,0x00000000,0x00000000,0x00000000,0x00000000,0x00000000,0x00000000,0x00000000,0x00000000,
0x00000000,0x00000000,0x00000000,0x00010000,0x00000000,0x00000000,0x00000000,0x00000000,0x00000000,0x00000000,0x00000000,0x00000000,
0x00000000,0x00000000,0x00000000,0x00010000,0x00000000,0x00000000,0x00000000,0x00000000,0x00010000,0x00000000,0x00000000,0x00000000,
0x00000000,0x00000000,0x00000000,0x00000000,0x00000000,0x00000000,0x00000000,0x00000000,0x00000000,0x00010000,0x00000000,0x00000000,
0x00000000,0x00000000,0x00000000,0x00010000,0x00000000,0x00000000,0x00000000,0x00000000,0x00000000,0x00000000,0x00000000,0x00000000,
0x00000000,0x00000000,0x00000000,0x00000000,0x00000000,0x00000000,0x00000000,0x00000000,0x00000000,0x00000000,0x00000000,0x00000000,
0x00000000,0x00000000,0x00000000,0x00000000,0x00000000,0x00000000,0x00000000,0x00000000,0x00000000,0x00000000,0x00000000,0x00000000,
0x00000000,0x00010000,0x00010000,0x00000000,0x00000000,0x00000000,0x00000000,0x00000000,0x00000000,0x00000000,0x00000000,0x00000000,
0x00000000,0x00000000,0x00000000,0x00000000,0x00000000,0x00000000,0x00000000,0x00000000,0x00000000,0x00000000,0x00000000,0x00000000,
0x00000000,0x00000000,0x00000000,0x00000000,0x00000000,0x00000000,0x00000000,0x00000000,0x00000000,0x00000000,0x00000000,0x00000000,
0x00010000,0x00000000,0x00010000,0x00000000,0x00000000,0x00000000,0x00000000,0x00000000,0x00000000,0x00000000,0x00000000,0x00000000,
0x00010000,0x00000000,0x00000000,0x00010000,0x00000000,0x00000000,0x00000000,0x00000000,0x00000000,0x00000000,0x00000000,0x00000000,
0x00000000,0x00000000,0x00000000,0x00000000,0x00000000,0x00000000,0x00000000,0x00000000,0x00000000,0x00000000,0x00000000,0x00000000,
0x00000000,0x00000000,0x00000000,0x00000000,0x00000000,0x00000000,0x00000000,0x00000000,0x00000000,0x00000000,0x00000000,0x00000000,
0x00000000,0x00000000,0x00000000,0x00000000,0x00000000,0x00000000,0x00000000,0x00000000,0x00000000,0x00000000,0x00000000,0x00000000,
0x00000000,0x00000000,0x00000000,0x00000000,0x00000000,0x00000000,0x00000000,0x00000000,0x00000000,0x00000000,0x00000000,0x00000000,
0x00000000,0x00000000,0x00000000,0x00000000,0x00000000,0x00000000,0x00000000,0x00000000,0x00010000,0x00000000,0x00000000,0x00000000,
0x00000000,0x00000000,0x00000000,0x00010000,0x00000000,0x00000000,0x00000000,0x00000000,0x00000000,0x00000000,0x00000000,0x00000000,
0x00000000,0x00000000,0x00000000,0x00000000,0x00000000,0x00000000,0x00000000,0x00000000,0x00000000,0x00000000,0x00000000,0x00000000,
0x00000000,0x00000000,0x00000000,0x00000000,0x00000000,0x00000000,0x00000000,0x00000000,0x00000000,0x00010000,0x00000000,0x00000000,
0x00000000,0x00000000,0x00000000,0x00000000,0x00000000,0x00000000,0x00000000,0x00000000,0x00000000,0x00010000,0x00000000,0x00000000,
0x00000000,0x00000000,0x00000000,0x00000000,0x00000000,0x00000000,0x00000000,0x00000000,0x00000000,0x00000000,0x00000000,0x00000000,
0x00000000,0x00000000,0x00000000,0x00000000,0x00000000,0x00000000,0x00000000,0x00000000,0x00000000,0x00000000,0x00000000,0x00000000,
0x00000000,0x00000000,0x00000000,0x00000000,0x00000000,0x00000000,0x00000000,0x00000000,0x00000000,0x00000000,0x00000000,0x00000000,
0x00000000,0x00000000,0x00000000,0x00000000,0x00000000,0x00000000,0x00000000,0x00000000,0x00000000,0x00000000,0x00000000,0x00000000,
0x00000000,0x00000000,0x00000000,0x00000000,0x00000000,0x00000000,0x00000000,0x00000000,0x00000000,0x00000000,0x00000000,0x00000000,
0x00000000,0x00000000,0x00000000,0x00000000,0x00000000,0x00000000,0x00000000,0x00010000,0x00000000,0x00000000,0x00000000,0x00000000,
0x00000000,0x00000000,0x00000000,0x00000000,0x00000000,0x00000000,0x00000000,0x00000000,0x00000000,0x00000000,0x00000000,0x00010000,
0x00000000,0x00000000,0x00000000,0x00000000,0x00000000,0x00000000,0x00000000,0x00000000,0x00000000,0x00000000,0x00000000,0x00000000,
0x00000000,0x00000000,0x00000000,0x00000000,0x00000000,0x00000000,0x00000000,0x00010000,0x00010000,0x00000000,0x00000000,0x00000000,
0x00000000,0x00000000,0x00000000,0x00000000,0x00000000,0x00000000,0x00000000,0x00000000,0x00000000,0x00000000,0x00000000,0x00000000,
0x00000000,0x00000000,0x00000000,0x00000000,0x00000000,0x00000000,0x00000000,0x00000000,0x00000000,0x00000000,0x00010000,0x00000000,
0x00000000,0x00000000,0x00000000,0x00000000,0x00000000,0x00000000,0x00000000,0x00000000,0x00010000,0x00010000,0x00000000,0x00000000,
0x00010000,0x00000000,0x00000000,0x00000000,0x00000000,0x00000000,0x00000000,0x00000000,0x00000000,0x00000000,0x00000000,0x00000000,
0x00000000,0x00000000,0x00000000,0x00000000,0x00000000,0x00000000,0x00000000,0x00000000,0x00000000,0x00000000,0x00000000,0x00000000,
0x00000000,0x00000000,0x00000000,0x00000000,0x00000000,0x00000000,0x00000000,0x00000000,0x00000000,0x00000000,0x00010000,0x00000000,
0x00000000,0x00000000,0x00000000,0x00000000,0x00000000,0x00000000,0x00000000,0x00000000,0x00000000,0x00000000,0x00000000,0x00000000,
0x00000000,0x00000000,0x00000000,0x00000000,0x00000000,0x00000000,0x00000000,0x00000000,0x00000000,0x00000000,0x00000000,0x00000000,
0x00000000,0x00000000,0x00010000,0x00000000,0x00000000,0x00000000,0x00000000,0x00000000,0x00000000,0x00000000,0x00000000,0x00000000,
0x00000000,0x00010000,0x00010000,0x00000000,0x00000000,0x00010000,0x00000000,0x00000000,0x00000000,0x00000000,0x00000000,0x00000000,
0x00000000,0x00000000,0x00000000,0x00000000,0x00000000,0x00000000,0x00000000,0x00000000,0x00000000,0x00000000,0x00000000,0x00000000,
0x00000000,0x00000000,0x00000000,0x00010000,0x00000000,0x00000000,0x00000000,0x00000000,0x00000000,0x00000000,0x00010100,0x00000000,
0x00000000,0x00000000,0x00000000,0x00000000,0x00000000,0x00000000,0x00000000,0x00000000,0x00010000,0x00000000,0x00000000,0x00000000,
0x00000000,0x00000000,0x00000000,0x00000000,0x00000000,0x00000000,0x00000000,0x00000000,0x00000000,0x00000000,0x00000000,0x00000000,
0x00010000,0x00000000,0x00000000,0x00000000,0x00000000,0x00000000,0x00000000,0x00000000,0x00000000,0x00000000,0x00000000,0x00000000,
0x00000000,0x00000000,0x00000000,0x00000000,0x00000000,0x00000000,0x00010000,0x00010000,0x00010000,0x00000000,0x00000000,0x00000000,
0x00000000,0x00000000,0x00000000,0x00000000,0x00000000,0x00000000,0x00000000,0x00000000,0x00000000,0x00000000,0x00000000,0x00010000,
0x00000000,0x00000000,0x00000000,0x00000000,0x00000000,0x00010000,0x00000000,0x00000000,0x00000000,0x00000000,0x00000000,0x00000000,
0x00000000,0x00000000,0x00000000,0x00000000,0x00000000,0x00000000,0x00000000,0x00000000,0x00000000,0x00010000,0x00000000,0x00000000,
0x00000000,0x00000000,0x00000000,0x00000000,0x00000000,0x00000000,0x00000000,0x00000000,0x00000000,0x00000000,0x00000000,0x00000000,
0x00000000,0x00000000,0x00000000,0x00000000,0x00000000,0x00000000,0x00000000,0x00000000,0x00000000,0x00000000,0x00000000,0x00000000,
0x00000000,0x00000000,0x00000000,0x00000000,0x00000000,0x00000000,0x00010000,0x00000000,0x00000000,0x00000000,0x00000000,0x00000000,
0x00000000,0x00000000,0x00000000,0x00000000,0x00000000,0x00000000,0x00000000,0x00000000,0x00000000,0x00000000,0x00000000,0x00000000,
0x00000000,0x00000000,0x00000000,0x00000000,0x00000000,0x00010000,0x00000000,0x00000000,0x00000000,0x00000000,0x00000000,0x00000000,
0x00000000,0x00000000,0x00000000,0x00010000,0x00000000,0x00000000,0x00000000,0x00000000,0x00000000,0x00000000,0x00000000,0x00000000,
0x00000000,0x00000000,0x00000000,0x00000000,0x00000000,0x00000000,0x00000000,0x00000000,0x00000000,0x00000000,0x00000000,0x00000000,
0x00000000,0x00000000,0x00000000,0x00000000,0x00000000,0x00000000,0x00000000,0x00010000,0x00000000,0x00000000,0x00000000,0x00000000,
0x00000000,0x00000000,0x00000000,0x00000000,0x00000000,0x00000000,0x00000000,0x00000000,0x00000000,0x00000000,0x00000000,0x00000000,
0x00000000,0x00000000,0x00000000,0x00000000,0x00000000,0x00000000,0x00000000,0x00000000,0x00000000,0x00000000,0x00000000,0x00010000,
0x00000000,0x00000000,0x00000000,0x00000000,0x00000000,0x00000000,0x00000000,0x00000000,0x00000000,0x00000000,0x00000000,0x00000000,
0x00000000,0x00000000,0x00000000,0x00000000,0x00000000,0x00000000,0x00000000,0x00000000,0x00000000,0x00000000,0x00000000,0x00000000,
0x00000000,0x00000000,0x00000000,0x00000000,0x00000000,0x00000000,0x00000000,0x00000000,0x00000000,0x00000000,0x00000000,0x00000000,
0x00000000,0x00000000,0x00000000,0x00000000,0x00000000,0x00000000,0x00000000,0x00000000,0x00000000,0x00010000,0x00000000,0x00000000,
0x00000000,0x00000000,0x00000000,0x00000000,0x00000000,0x00000000,0x00000000,0x00000000,0x00000000,0x00000000,0x00000000,0x00000000,
0x00000000,0x00000000,0x00000000,0x00000000,0x00010000,0x00000000,0x00000000,0x00000000,0x00000000,0x00000000,0x00000000,0x00000000,
0x00000000,0x00000000,0x00000000,0x00000000,0x00000000,0x00000000,0x00000000,0x00000000,0x00000000,0x00000000,0x00000000,0x00000000,
0x00000000,0x00000000,0x00000000,0x00000000,0x00000000,0x00000000,0x00000000,0x00000000,0x00000000,0x00000000,0x00000000,0x00000000,
0x00000000,0x00000000,0x00000000,0x00000000,0x00000000,0x00000000,0x00000000,0x00000000,0x00000000,0x00000000,0x00000000,0x00000000,
0x00000000,0x00000000,0x00000000,0x00000000,0x00000000,0x00000000,0x00000000,0x00000000,0x00000000,0x00000000,0x00000000,0x00000000,
0x00000000,0x00000000,0x00010000,0x00000000,0x00000000,0x00000000,0x00000000,0x00000000,0x00000000,0x00000000,0x00000000,0x00000000,
0x00000000,0x00000000,0x00000000,0x00000000,0x00000000,0x00000000,0x00000000,0x00000000,0x00000000,0x00000000,0x00000000,0x00010000,
0x00000000,0x00000000,0x00000000,0x00000000,0x00000000,0x00000000,0x00000000,0x00000000,0x00000000,0x00000000,0x00000000,0x00000000,
0x00000000,0x00000000,0x00000000,0x00000000,0x00000000,0x00000000,0x00000000,0x00000000,0x00000000,0x00000000,0x00000000,0x00000000,
0x00000000,0x00000000,0x00000000,0x00000000,0x00000000,0x00000000,0x00000000,0x00000000,0x00000000,0x00000000,0x00000000,0x00000000,
0x00000000,0x00000000,0x00000000,0x00000000,0x00000000,0x00000000,0x00010000,0x00000000,0x00000000,0x00000000,0x00000000,0x00000000,
0x00010000,0x00000000,0x00000000,0x00000000,0x00000000,0x00000000,0x00000000,0x00000000,0x00000000,0x00000000,0x00000000,0x00000000,
0x00000000,0x00000000,0x00000000,0x00000000,0x00000000,0x00000000,0x00000000,0x00000000,0x00000000,0x00000000,0x00000000,0x00000000,
0x00000000,0x00000000,0x00000000,0x00000000,0x00000000,0x00000000,0x00000000,0x00000000,0x00000000,0x00000000,0x00000000,0x00000000,
0x00000000,0x00000000,0x00000000,0x00000000,0x00000000,0x00010000,0x00000000,0x00000000,0x00000000,0x00000000,0x00000000,0x00000000,
0x00000000,0x00000000,0x00000000,0x00000000,0x00000000,0x00000000,0x00000000,0x00000000,0x00000000,0x00000000,0x00000000,0x00000000,
0x00000000,0x00000000,0x00000000,0x00000000,0x00000000,0x00000000,0x00000000,0x00000000,0x00000000,0x00000000,0x00000000,0x00000000,
0x00000000,0x00000000,0x00000000,0x00000000,0x00000000,0x00000000,0x00000000,0x00000000,0x00010000,0x00000000,0x00000000,0x00010000,
0x00000000,0x00000000,0x00000000,0x00000000,0x00000000,0x00000000,0x00000000,0x00000000,0x00000000,0x00000000,0x00000000,0x00000000,
0x00000000,0x00000000,0x00000000,0x00000000,0x00000000,0x00000000,0x00000000,0x00000000,0x00000000,0x00000000,0x00000000,0x00000000,
0x00010000,0x00000000,0x00000000,0x00000000,0x00000000,0x00000000,0x00000000,0x00000000,0x00000000,0x00000000,0x00000000,0x00000000,
0x00000000,0x00000000,0x00000000,0x00000000,0x00000000,0x00000000,0x00000000,0x00000000,0x00000000,0x00000000,0x00000000,0x00000000,
0x00000000,0x00000000,0x00000000,0x00000000,0x00000000,0x00000000,0x00000000,0x00000000,0x00000000,0x00000000,0x00000000,0x00000000,
0x00000000,0x00000000,0x00000000,0x00000000,0x00000000,0x00000000,0x00000000,0x00000000,0x00000000,0x00000000,0x00000000,0x00000000,
0x00000000,0x00000000,0x00000000,0x00000000,0x00000000,0x00000000,0x00000000,0x00000000,0x00000000,0x00000000,0x00000000,0x00000000,
0x00000000,0x00000000,0x00000000,0x00000000,0x00000000,0x00000000,0x00000000,0x00000000,0x00000000,0x00000000,0x00000000,0x00000000,
0x00000000,0x00000000,0x00000000,0x00010000,0x00010000,0x00010000,0x00000000,0x00000000,0x00000000,0x00000000,0x00000000,0x00000000,
0x00000000,0x00000000,0x00010000,0x00010000,0x00010000,0x00000000,0x00000000,0x00000000,0x00000000,0x00000000,0x00000000,0x00000000,
0x00000000,0x00000000,0x00000000,0x00000000,0x00000000,0x00000000,0x00000000,0x00000000,0x00010000,0x00000000,0x00000000,0x00000000,
0x00000000,0x00000000,0x00000000,0x00000000,0x00000000,0x00000000,0x00000000,0x00000000,0x00000000,0x00000000,0x00000000,0x00000000,
0x00000000,0x00000000,0x00010000,0x00000000,0x00000000,0x00000000,0x00000000,0x00000000,0x00000000,0x00000000,0x00000000,0x00010000,
0x00010000,0x00000000,0x00010000,0x00000000,0x00000000,0x00000000,0x00000000,0x00000000,0x00000000,0x00000000,0x00000000,0x00000000,
0x00000000,0x00000000,0x00000000,0x00000000,0x00000000,0x00000000,0x00000000,0x00000000,0x00000000,0x00000000,0x00000000,0x00000000,
0x00000000,0x00000000,0x00000000,0x00000000,0x00000000,0x00000000,0x00000000,0x00000000,0x00000000,0x00000000,0x00000000,0x00000000,
0x00000000,0x00000000,0x00000000,0x00000000,0x00000000,0x00000000,0x00000000,0x00000000,0x00000000,0x00000000,0x00000000,0x00000000,
0x00000000,0x00000000,0x00000000,0x00000000,0x00000000,0x00010000,0x00000000,0x00000000,0x00000000,0x00000000,0x00000000,0x00000000,
0x00000000,0x00000000,0x00000000,0x00000000,0x00000000,0x00000000,0x00000000,0x00000000,0x00010000,0x00000000,0x00000000,0x00000000,
0x00000000,0x00000000,0x00000000,0x00000000,0x00000000,0x00000000,0x00000000,0x00000000,0x00010000,0x00000000,0x00000000,0x00000000,
0x00000000,0x00000000,0x00000000,0x00000000,0x00000000,0x00000000,0x00000000,0x00000000,0x00000000,0x00000000,0x00000000,0x00000000,
0x00000000,0x00000000,0x00000000,0x00000000,0x00000000,0x00000000,0x00000000,0x00000000,0x00000000,0x00000000,0x00010000,0x00000000,
0x00000000,0x00000000,0x00000000,0x00000000,0x00000000,0x00000000,0x00000000,0x00000000,0x00010000,0x00000000,0x00000000,0x00000000,
0x00000000,0x00000000,0x00000000,0x00000000,0x00000000,0x00000000,0x00000000,0x00000000,0x00010000,0x00000000,0x00000000,0x00000000,
0x00000000,0x00000000,0x00000000,0x00000000,0x00000000,0x00000000,0x00000000,0x00000000,0x00000000,0x00000000,0x00000000,0x00000000,
0x00000000,0x00000000,0x00000000,0x00000000,0x00000000,0x00000000,0x00000000,0x00000000,0x00000000,0x00000000,0x00000000,0x00000000,
0x00000000,0x00000000,0x00000000,0x00010000,0x00010000,0x00000000,0x00000000,0x00010000,0x00000000,0x00000000,0x00000000,0x00000000,
0x00000000,0x00000000,0x00000000,0x00000000,0x00000000,0x00000000,0x00000000,0x00000000,0x00000000,0x00000000,0x00000000,0x00000000,
0x00000000,0x00000000,0x00000000,0x00000000,0x00000000,0x00010000,0x00000000,0x00010000,0x00000000,0x00000000,0x00000000,0x00000000,
0x00000000,0x00000000,0x00000000,0x00000000,0x00000000,0x00000000,0x00000000,0x00000000,0x00000000,0x00000000,0x00000000,0x00010000,
0x00000000,0x00000000,0x00000000,0x00000000,0x00000000,0x00010000,0x00000000,0x00000000,0x00000000,0x00010000,0x00000000,0x00000000,
0x00000000,0x00000000,0x00000000,0x00000000,0x00000000,0x00000000,0x00000000,0x00000000,0x00000000,0x00000000,0x00010000,0x00000000,
0x00000000,0x00000000,0x00000000,0x00000000,0x00000000,0x00000000,0x00000000,0x00000000,0x00010000,0x00000000,0x00000000,0x00000000,
0x00000000,0x00000000,0x00000000,0x00000000,0x00000000,0x00000000,0x00000000,0x00000000,0x00000000,0x00000000,0x00000000,0x00000000,
0x00000000,0x00000000,0x00000000,0x00000000,0x00010000,0x00000000,0x00000000,0x00000000,0x00000000,0x00000000,0x00000000,0x00000000,
0x00000000,0x00000000,0x00000000,0x00000000,0x00000000,0x00000000,0x00000000,0x00000000,0x00010000,0x00000000,0x00010000,0x00000000,
0x00000000,0x00000000,0x00000000,0x00000000,0x00000000,0x00000000,0x00000000,0x00000000,0x00000000,0x00000000,0x00000000,0x00000000,
0x00000000,0x00000000,0x00000000,0x00000000,0x00000000,0x00010000,0x00000000,0x00000000,0x00000000,0x00000000,0x00000000,0x00000000,
0x00000000,0x00000000,0x00000000,0x00000000,0x00000000,0x00000000,0x00000000,0x00000000,0x00000000,0x00000000,0x00000000,0x00000000,
0x00000000,0x00000000,0x00000000,0x00000000,0x00000000,0x00000000,0x00000000,0x00000000,0x00000000,0x00000000,0x00000000,0x00000000,
0x00000000,0x00000000,0x00000000,0x00000000,0x00000000,0x00000000,0x00000000,0x00000000,0x00000000,0x00000000,0x00000000,0x00000000,
0x00000000,0x00000000,0x00000000,0x00000000,0x00000000,0x00000000,0x00000000,0x00000000,0x00000000,0x00000000,0x00000000,0x00000000,
0x00000000,0x00000000,0x00000000,0x00000000,0x00000000,0x00000000,0x00000000,0x00000000,0x00000000,0x00000000,0x00000000,0x00000000,
0x00000000,0x00000000,0x00000000,0x00000000,0x00000000,0x00000000,0x00000000,0x00000000,0x00000000,0x00000000,0x00000000,0x00000000,
0x00000000,0x00000000,0x00000000,0x00000000,0x00000000,0x00000000,0x00000000,0x00000000,0x00000000,0x00000000,0x00000000,0x00000000,
0x00000000,0x00000000,0x00000000,0x00000000,0x00000000,0x00000000,0x00000000,0x00000000,0x00000000,0x00000000,0x00000000,0x00000000,
0x00000000,0x00000000,0x00000000,0x00000000,0x00000000,0x00000000,0x00000000,0x00000000,0x00000000,0x00000000,0x00000000,0x00000000,
0x00000000,0x00000000,0x00000000,0x00010000,0x00010000,0x00000000,0x00000000,0x00000000,0x00000000,0x00000000,0x00000000,0x00000000,
0x00000000,0x00000000,0x00000000,0x00000000,0x00000000,0x00000000,0x00000000,0x00000000,0x00000000,0x00000000,0x00000000,0x00000000,
0x00000000,0x00000000,0x00000000,0x00000000,0x00000000,0x00000000,0x00000000,0x00000000,0x00000000,0x00000000,0x00010000,0x00000000,
0x00000000,0x00000000,0x00000000,0x00000000,0x00000000,0x00000000,0x00000000,0x00000000,0x00000000,0x00000000,0x00000000,0x00010000,
0x00000000,0x00000000,0x00000000,0x00000000,0x00000000,0x00000000,0x00000000,0x00000000,0x00000000,0x00000000,0x00000000,0x00000000,
0x00000000,0x00000000,0x00000000,0x00000000,0x00000000,0x00000000,0x00000000,0x00000000,0x00000000,0x00000000,0x00000000,0x00000000,
0x00000000,0x00000000,0x00000000,0x00000000,0x00000000,0x00000000,0x00000000,0x00000000,0x00000000,0x00000000,0x00000000,0x00000000,
0x00000000,0x00000000,0x00000000,0x00000000,0x00000000,0x00000000,0x00000000,0x00000000,0x00000000,0x00000000,0x00000000,0x00000000,
0x00000000,0x00000000,0x00000000,0x00000000,0x00000000,0x00000000,0x00000000,0x00000000,0x00000000,0x00000000,0x00000000,0x00000000,
0x00000000,0x00000000,0x00000000,0x00000000,0x00000000,0x00000000,0x00000000,0x00000000,0x00000000,0x00000000,0x00000000,0x00000000,
0x00000000,0x00000000,0x00000000,0x00000000,0x00000000,0x00000000,0x00000000,0x00000000,0x00000000,0x00000000,0x00000000,0x00000000,
0x00000000,0x00000000,0x00010000,0x00000000,0x00000000,0x00000000,0x00000000,0x00000000,0x00000000,0x00000000,0x00000000,0x00000000,
0x00000000,0x00000000,0x00000000,0x00000000,0x00000000,0x00000000,0x00000000,0x00000000,0x00000000,0x00000000,0x00000000,0x00000000,
0x00000000,0x00000000,0x00000000,0x00000000,0x00000000,0x00000000,0x00000000,0x00000000,0x00000000,0x00000000,0x00000000,0x00000000,
0x00000000,0x00000000,0x00000000,0x00000000,0x00000000,0x00000000,0x00000000,0x00000000,0x00000000,0x00000000,0x00000000,0x00000000,
0x00000000,0x00000000,0x00000000,0x00000000,0x00000000,0x00000000,0x00000000,0x00000000,0x00000000,0x00000000,0x00000000,0x00000000,
0x00000000,0x00000000,0x00000000,0x00000000,0x00000000,0x00000000,0x00000000,0x00000000,0x00000000,0x00000000,0x00000000,0x00000000,
0x00000000,0x00000000,0x00000000,0x00000000,
};

#endif
